"Id","Name","c2g__Type__c","c2g__TrialBalance1__c","c2g__TrialBalance2__c","c2g__TrialBalance3__c","c2g__TrialBalance4__c","c2g__ReportingCode__c"
"a2l250000005D6tAAE","781 - RENDIMENTOS SUPLEMENTARES","Profit and Loss","7 - RENDIMENTOS","78 - OUTROS RENDIMENTOS E GANHOS","","","781"
"a2l250000005D5gAAE","69 - GASTOS E PERDAS DE FINANCIAMENTO","Profit and Loss","6 - GASTOS","","","","69"
"a2l250000005D65AAE","626 - SERVIÇOS DIVERSOS","Profit and Loss","6 - GASTOS","62 - FORNECIMENTOS E SERVIÇOS EXTERNOS","","","626"
"a2l250000005D78AAE","81 - RESULTADO LÍQUIDO DO PERÍODO","Profit and Loss","8 - RESULTADOS","","","","81"
"a2l250000005D5HAAU","6 - GASTOS","Profit and Loss","","","","","6"
"a2l250000005D5MAAU","61 - CUSTO DAS MERCADORIAS VENDIDAS E DAS MATÉRIAS CONSUMIDAS","Profit and Loss","6 - GASTOS","","","","61"
"a2l250000005D5RAAU","62 - FORNECIMENTOS E SERVIÇOS EXTERNOS","Profit and Loss","6 - GASTOS","","","","62"
"a2l250000005D5WAAU","63 - GASTOS COM O PESSOAL","Profit and Loss","6 - GASTOS","","","","63"
"a2l250000005D6AAAU","632 - REMUNERAÇÕES DO PESSOAL","Profit and Loss","6 - GASTOS","63 - GASTOS COM O PESSOAL","","","632"
"a2l250000005D5bAAE","68 - OUTROS GASTOS E PERDAS","Profit and Loss","6 - GASTOS","","","","68"
"a2l250000005D5CAAU","56 - RESULTADOS TRANSITADOS","Retained Earnings","5 - CAPITAL/ RESERVAS E RESULTADOS TRANSITADOS","","","","56"
"a2l250000005D60AAE","625 - DESLOCAÇ./ ESTAS E TRANSPTES","Profit and Loss","6 - GASTOS","62 - FORNECIMENTOS E SERVIÇOS EXTERNOS","","","625"
"a2l250000005D6ZAAU","7 - RENDIMENTOS","Profit and Loss","","","","","7"
"a2l250000005D6eAAE","71 - VENDAS","Profit and Loss","7 - RENDIMENTOS","","","","71"
"a2l250000005D6oAAE","79 - JUROS/ DIVIDENDOS E OUTROS RENDIMENTOS SIMILARES","Profit and Loss","7 - RENDIMENTOS","","","","79"
"a2l250000005D6yAAE","788 - OUTROS *","Profit and Loss","7 - RENDIMENTOS","78 - OUTROS RENDIMENTOS E GANHOS","","","788"
"a2l250000005D5qAAE","623 - MATERIAIS","Profit and Loss","6 - GASTOS","62 - FORNECIMENTOS E SERVIÇOS EXTERNOS","","","623"
"a2l250000005D5lAAE","622 - SERVIÇOS ESPECIALIZADOS","Profit and Loss","6 - GASTOS","62 - FORNECIMENTOS E SERVIÇOS EXTERNOS","","","622"
"a2l250000005D6KAAU","681 - IMPOSTOS","Profit and Loss","6 - GASTOS","68 - OUTROS GASTOS E PERDAS","","","681"
"a2l250000005D57AAE","5 - CAPITAL/ RESERVAS E RESULTADOS TRANSITADOS","Balance Sheet","","","","","5"
"a2l250000005D6FAAU","635 - ENCARGOS SOBRE REMUNERAÇÕES","Profit and Loss","6 - GASTOS","63 - GASTOS COM O PESSOAL","","","635"
"a2l250000005D5vAAE","624 - ENERGIA E FLUÍDOS","Profit and Loss","6 - GASTOS","62 - FORNECIMENTOS E SERVIÇOS EXTERNOS","","","624"
"a2l250000005D6PAAU","688 - OUTROS","Profit and Loss","6 - GASTOS","68 - OUTROS GASTOS E PERDAS","","","688"
"a2l250000005D6jAAE","78 - OUTROS RENDIMENTOS E GANHOS","Profit and Loss","7 - RENDIMENTOS","","","","78"
"a2l250000005D6UAAU","691 - JUROS SUPORTADOS","Profit and Loss","6 - GASTOS","69 - GASTOS E PERDAS DE FINANCIAMENTO","","","691"
"a2l250000005D73AAE","8 - RESULTADOS","Profit and Loss","","","","","8"
"a2l25000000asuaAAA","2823 - DIFERIMENTO TAXA STEP-UP","Balance Sheet","2 - CONTAS A RECEBER E A PAGAR","28 - DIFERIMENTOS","282 - RENDIMENTOS A RECONHECER","","2823"
"a2l250000005D3fAAE","274 - IMPOSTOS DIFERIDOS","Balance Sheet","2 - CONTAS A RECEBER E A PAGAR","27 - OUTRAS CONTAS A RECEBER E A PAGAR","","","274"
"a2l250000005D4sAAE","415 - OUTROS INVESTIMENTOS FINANCEIROS","Balance Sheet","4 - INVESTIMENTOS","41 - INVESTIMENTOS FINANCEIROS","","","415"
"a2l250000005D1jAAE","241 - IMPOSTO SOBRE O RENDIMENTO","Balance Sheet","2 - CONTAS A RECEBER E A PAGAR","24 - ESTADO E OUTROS ENTES PÚBLICOS","","","241"
"a2l250000005D31AAE","231 - REMUNERAÇÕES A PAGAR","Balance Sheet","2 - CONTAS A RECEBER E A PAGAR","23 - PESSOAL","","","231"
"a2l250000005D2XAAU","25 - FINANCIANCIAMENTOS OBTIDOS","Balance Sheet","2 - CONTAS A RECEBER E A PAGAR","","","","25"
"a2l250000005D3VAAU","253 - PARTICIPANTES DE CAPITAL","Balance Sheet","2 - CONTAS A RECEBER E A PAGAR","25 - FINANCIANCIAMENTOS OBTIDOS","","","253"
"a2l250000005D4dAAE","44 - ACTIVOS INTANGÍVEIS","Balance Sheet","4 - INVESTIMENTOS","","","","44"
"a2l250000005D3zAAE","282 - RENDIMENTOS A RECONHECER","Balance Sheet","2 - CONTAS A RECEBER E A PAGAR","28 - DIFERIMENTOS","","","282"
"a2l250000005D49AAE","31 - COMPRAS","Balance Sheet","3 - INVENTÁRIOS E ACTIVOS BIOLÓGICOS","","","","31"
"a2l250000005D2SAAU","24 - ESTADO E OUTROS ENTES PÚBLICOS","Balance Sheet","2 - CONTAS A RECEBER E A PAGAR","","","","24"
"a2l250000005D3BAAU","242 - RETENÇÃO DE IMPOSTOS SOBRE RENDIMENTOS","Balance Sheet","2 - CONTAS A RECEBER E A PAGAR","24 - ESTADO E OUTROS ENTES PÚBLICOS","","","242"
"a2l250000005D3GAAU","243 - IMPOSTO SOBRE O VALOR ACRESCENTADO (IVA)","Balance Sheet","2 - CONTAS A RECEBER E A PAGAR","24 - ESTADO E OUTROS ENTES PÚBLICOS","","","243"
"a2l250000005D3aAAE","272 - DEVEDORES E CREDORES POR ACRÉSCIMOS","Balance Sheet","2 - CONTAS A RECEBER E A PAGAR","27 - OUTRAS CONTAS A RECEBER E A PAGAR","","","272"
"a2l250000005D4EAAU","32 - MERCADORIAS","Balance Sheet","3 - INVENTÁRIOS E ACTIVOS BIOLÓGICOS","","","","32"
"a2l250000005D3LAAU","245 - CONTRIBUIÇÕES PARA A SEGURANÇA SOCIAL","Balance Sheet","2 - CONTAS A RECEBER E A PAGAR","24 - ESTADO E OUTROS ENTES PÚBLICOS","","","245"
"a2l250000005D4TAAU","41 - INVESTIMENTOS FINANCEIROS","Balance Sheet","4 - INVESTIMENTOS","","","","41"
"a2l250000005D2wAAE","221 - FORNECEDORES C/C","Balance Sheet","2 - CONTAS A RECEBER E A PAGAR","22 - FORNECEDORES","","","221"
"a2l250000005D2DAAU","21 - CLIENTES","Balance Sheet","2 - CONTAS A RECEBER E A PAGAR","","","","21"
"a2l250000005D2IAAU","22 - FORNECEDORES","Balance Sheet","2 - CONTAS A RECEBER E A PAGAR","","","","22"
"a2l250000005D2NAAU","23 - PESSOAL","Balance Sheet","2 - CONTAS A RECEBER E A PAGAR","","","","23"
"a2l250000005D4YAAU","43 - ACTIVOS FIXOS TANGÍVEIS","Balance Sheet","4 - INVESTIMENTOS","","","","43"
"a2l250000005D3pAAE","278 - OUTROS DEVEDORES E CREDORES","Balance Sheet","2 - CONTAS A RECEBER E A PAGAR","27 - OUTRAS CONTAS A RECEBER E A PAGAR","","","278"
"a2l250000005D3QAAU","251 - INSTITUIÇÕES DE CRÉDITO E SOCIEDADES FINANCEIRAS","Balance Sheet","2 - CONTAS A RECEBER E A PAGAR","25 - FINANCIANCIAMENTOS OBTIDOS","","","251"
"a2l250000005D3uAAE","281 - GASTOS A RECONHECER","Balance Sheet","2 - CONTAS A RECEBER E A PAGAR","28 - DIFERIMENTOS","","","281"
"a2l250000005D44AAE","3 - INVENTÁRIOS E ACTIVOS BIOLÓGICOS","Balance Sheet","","","","","3"
"a2l250000005D1tAAE","1 - MEIOS FINANCEIROS LÍQUIDOS","Balance Sheet","","","","","1"
"a2l250000005D4JAAU","317 - DEVOLUÇÕES DE COMPRAS","Balance Sheet","3 - INVENTÁRIOS E ACTIVOS BIOLÓGICOS","31 - COMPRAS","","","317"
"a2l250000005D2hAAE","27 - OUTRAS CONTAS A RECEBER E A PAGAR","Balance Sheet","2 - CONTAS A RECEBER E A PAGAR","","","","27"
"a2l250000005D28AAE","1201 - BPI","Balance Sheet","1 - MEIOS FINANCEIROS LÍQUIDOS","12 - DEPÓSITOS À ORDEM","","","1201"
"a2l250000005D4OAAU","4 - INVESTIMENTOS","Balance Sheet","","","","","4"
"a2l250000005D4xAAE","438 - DEPRECIAÇÕES ACUMULADAS","Balance Sheet","4 - INVESTIMENTOS","43 - ACTIVOS FIXOS TANGÍVEIS","","","438"
"a2l250000005D29AAE","2 - CONTAS A RECEBER E A PAGAR","Balance Sheet","","","","","2"
"a2l250000005D2mAAE","28 - DIFERIMENTOS","Balance Sheet","2 - CONTAS A RECEBER E A PAGAR","","","","28"
"a2l250000005D23AAE","1202 - Bankinter","Balance Sheet","1 - MEIOS FINANCEIROS LÍQUIDOS","12 - DEPÓSITOS À ORDEM","","","1202"
"a2l250000005D2cAAE","26 - ACCIONISTAS/SÓCIOS","Balance Sheet","2 - CONTAS A RECEBER E A PAGAR","","","","26"
"a2l250000005D4iAAE","45 - INVESTIMENTOS EM CURSO","Balance Sheet","4 - INVESTIMENTOS","","","","45"
"a2l250000005D1yAAE","12 - DEPÓSITOS À ORDEM","Balance Sheet","1 - MEIOS FINANCEIROS LÍQUIDOS","","","","12"
"a2l250000005D2rAAE","211 - CLIENTES C/C","Balance Sheet","2 - CONTAS A RECEBER E A PAGAR","21 - CLIENTES","","","211"
"a2l24000000U9w7AAC","2424 - PREDIAIS","Balance Sheet","2 - CONTAS A RECEBER E A PAGAR","24 - ESTADO E OUTROS ENTES PÚBLICOS","242 - RETENÇÃO DE IMPOSTOS SOBRE RENDIMENTOS","","2424"
"a2l24000000U9wAAAS","2427 - SOBRETAXA (DEPENDENTES)","Balance Sheet","2 - CONTAS A RECEBER E A PAGAR","24 - ESTADO E OUTROS ENTES PÚBLICOS","242 - RETENÇÃO DE IMPOSTOS SOBRE RENDIMENTOS","","2427"
"a2l24000000U9w2AAC","2415 - IRC A PAGAR","Balance Sheet","2 - CONTAS A RECEBER E A PAGAR","24 - ESTADO E OUTROS ENTES PÚBLICOS","241 - IMPOSTO SOBRE O RENDIMENTO","","2415"
"a2l24000000U9w4AAC","2421 - TRABALHO DEPENDENTE","Balance Sheet","2 - CONTAS A RECEBER E A PAGAR","24 - ESTADO E OUTROS ENTES PÚBLICOS","242 - RETENÇÃO DE IMPOSTOS SOBRE RENDIMENTOS","","2421"
"a2l24000000U9w5AAC","2422 - TRABALHO INDEPENDENTE","Balance Sheet","2 - CONTAS A RECEBER E A PAGAR","24 - ESTADO E OUTROS ENTES PÚBLICOS","242 - RETENÇÃO DE IMPOSTOS SOBRE RENDIMENTOS","","2422"
"a2l24000000U9wOAAS","2432113 - OP PAS_BENS_CONT_NORMAL","Balance Sheet","2 - CONTAS A RECEBER E A PAGAR","24 - ESTADO E OUTROS ENTES PÚBLICOS","243 - IMPOSTO SOBRE O VALOR ACRESCENTADO (IVA)","","2432113"
"a2l24000000U9wPAAS","2432123 - OP PAS_BENS_AC_NORMAL","Balance Sheet","2 - CONTAS A RECEBER E A PAGAR","24 - ESTADO E OUTROS ENTES PÚBLICOS","243 - IMPOSTO SOBRE O VALOR ACRESCENTADO (IVA)","","2432123"
"a2l24000000U9wQAAS","2432133 - OP PAS_BENS_MAD_NORMAL","Balance Sheet","2 - CONTAS A RECEBER E A PAGAR","24 - ESTADO E OUTROS ENTES PÚBLICOS","243 - IMPOSTO SOBRE O VALOR ACRESCENTADO (IVA)","","2432133"
"a2l24000000U9wSAAS","243221 - OP PAS_IMO_CONT","Balance Sheet","2 - CONTAS A RECEBER E A PAGAR","24 - ESTADO E OUTROS ENTES PÚBLICOS","243 - IMPOSTO SOBRE O VALOR ACRESCENTADO (IVA)","","2432211"
"a2l24000000U9wWAAS","243231 - OP PAS_OBS_CONT","Balance Sheet","2 - CONTAS A RECEBER E A PAGAR","24 - ESTADO E OUTROS ENTES PÚBLICOS","243 - IMPOSTO SOBRE O VALOR ACRESCENTADO (IVA)","","243231"
"a2l24000000U9wYAAS","243233 - OP PAS_OBS_MAD","Balance Sheet","2 - CONTAS A RECEBER E A PAGAR","24 - ESTADO E OUTROS ENTES PÚBLICOS","243 - IMPOSTO SOBRE O VALOR ACRESCENTADO (IVA)","","243233"
"a2l24000000U9wZAAS","243234 - OP PAS_OBS_COMUNIT","Balance Sheet","2 - CONTAS A RECEBER E A PAGAR","24 - ESTADO E OUTROS ENTES PÚBLICOS","243 - IMPOSTO SOBRE O VALOR ACRESCENTADO (IVA)","","243234"
"a2l24000000U9wiAAC","2433313 - OP ATI_OBS_CONT_NORMAL","Balance Sheet","2 - CONTAS A RECEBER E A PAGAR","24 - ESTADO E OUTROS ENTES PÚBLICOS","243 - IMPOSTO SOBRE O VALOR ACRESCENTADO (IVA)","","2433313"
"a2l24000000U9wjAAC","2433323 - OP ATI_OBS_AC_NORMAL","Balance Sheet","2 - CONTAS A RECEBER E A PAGAR","24 - ESTADO E OUTROS ENTES PÚBLICOS","243 - IMPOSTO SOBRE O VALOR ACRESCENTADO (IVA)","","2433323"
"a2l24000000U9wkAAC","2433333 - OP ATI_OBS_MAD_NORMAL","Balance Sheet","2 - CONTAS A RECEBER E A PAGAR","24 - ESTADO E OUTROS ENTES PÚBLICOS","243 - IMPOSTO SOBRE O VALOR ACRESCENTADO (IVA)","","2433333"
"a2l24000000U9wlAAC","243334 - OP ATI_OBS_COMUNIT","Balance Sheet","2 - CONTAS A RECEBER E A PAGAR","24 - ESTADO E OUTROS ENTES PÚBLICOS","243 - IMPOSTO SOBRE O VALOR ACRESCENTADO (IVA)","","243334"
"a2l24000000U9wnAAC","24341113 - REGULARIZAÇÕES POR ERROS MATERIAIS OU DE CÁLCULO","Balance Sheet","2 - CONTAS A RECEBER E A PAGAR","24 - ESTADO E OUTROS ENTES PÚBLICOS","243 - IMPOSTO SOBRE O VALOR ACRESCENTADO (IVA)","","24341113"
"a2l24000000U9wxAAC","24342111 - REGULARIZAÇÕES P/ FACTURAS INEXACTAS (Nº 3/ ARTº 78º DO CIVA)","Balance Sheet","2 - CONTAS A RECEBER E A PAGAR","24 - ESTADO E OUTROS ENTES PÚBLICOS","243 - IMPOSTO SOBRE O VALOR ACRESCENTADO (IVA)","","24342111"
"a2l24000000U9wyAAC","24342112 - REGULARIZAÇÕES EFECTUADAS POR FORNECEDORES (Nº 4/ ARTº 78º CIVA)","Balance Sheet","2 - CONTAS A RECEBER E A PAGAR","24 - ESTADO E OUTROS ENTES PÚBLICOS","243 - IMPOSTO SOBRE O VALOR ACRESCENTADO (IVA)","","24342112"
"a2l24000000UA42AAG","7816 - OUTROS DÉBITOS RELACIONADOS COM O ALUGUER","Profit and Loss","7 - RENDIMENTOS","78 - OUTROS RENDIMENTOS E GANHOS","781 - RENDIMENTOS SUPLEMENTARES","","7816"
"a2l24000000UA46AAG","782 - DESCONTOS DE PRONTO PAGAMENTO OBTIDOS","Profit and Loss","7 - RENDIMENTOS","78 - OUTROS RENDIMENTOS E GANHOS","","","782"
"a2l24000000U9x6AAC","2435 - IVA - APURAMENTO","Balance Sheet","2 - CONTAS A RECEBER E A PAGAR","24 - ESTADO E OUTROS ENTES PÚBLICOS","243 - IMPOSTO SOBRE O VALOR ACRESCENTADO (IVA)","","2435"
"a2l24000000U9x8AAC","2437 - IVA - A RECUPERAR","Balance Sheet","2 - CONTAS A RECEBER E A PAGAR","24 - ESTADO E OUTROS ENTES PÚBLICOS","243 - IMPOSTO SOBRE O VALOR ACRESCENTADO (IVA)","","2437"
"a2l24000000U9x9AAC","2438 - IVA - REEMBOLSOS PEDIDOS","Balance Sheet","2 - CONTAS A RECEBER E A PAGAR","24 - ESTADO E OUTROS ENTES PÚBLICOS","243 - IMPOSTO SOBRE O VALOR ACRESCENTADO (IVA)","","2438"
"a2l24000000U9xFAAS","2451 - SEGURANÇA SOCIAL","Balance Sheet","2 - CONTAS A RECEBER E A PAGAR","24 - ESTADO E OUTROS ENTES PÚBLICOS","245 - CONTRIBUIÇÕES PARA A SEGURANÇA SOCIAL","","2451"
"a2l24000000U9xHAAS","248 - OUTRAS TRIBUTAÇÕES","Balance Sheet","2 - CONTAS A RECEBER E A PAGAR","24 - ESTADO E OUTROS ENTES PÚBLICOS","","","248"
"a2l24000000U9xQAAS","251110001 - CARTÃO BUSINESS STD 38970","Balance Sheet","2 - CONTAS A RECEBER E A PAGAR","25 - FINANCIANCIAMENTOS OBTIDOS","251 - INSTITUIÇÕES DE CRÉDITO E SOCIEDADES FINANCEIRAS","","251110001"
"a2l24000000U9xRAAS","25322001 - SUPRIMENTOS CONTRATO 1","Balance Sheet","2 - CONTAS A RECEBER E A PAGAR","25 - FINANCIANCIAMENTOS OBTIDOS","253 - PARTICIPANTES DE CAPITAL","","25322001"
"a2l24000000U9xTAAS","268 - OUTRAS OPERAÇÕES","Balance Sheet","2 - CONTAS A RECEBER E A PAGAR","26 - ACCIONISTAS/SÓCIOS","","","268"
"a2l24000000U9xYAAS","2722201 - SUBSÍDIO DE NATAL","Balance Sheet","2 - CONTAS A RECEBER E A PAGAR","27 - OUTRAS CONTAS A RECEBER E A PAGAR","272 - DEVEDORES E CREDORES POR ACRÉSCIMOS","","2722201"
"a2l24000000U9xZAAS","2722202 - ENCARGOS SUBSÍDIO DE NATAL","Balance Sheet","2 - CONTAS A RECEBER E A PAGAR","27 - OUTRAS CONTAS A RECEBER E A PAGAR","272 - DEVEDORES E CREDORES POR ACRÉSCIMOS","","2722202"
"a2l24000000U9xaAAC","2722203 - FERIAS E SUBSÍDIOS DE FÉRIAS ANO ""N-1""","Balance Sheet","2 - CONTAS A RECEBER E A PAGAR","27 - OUTRAS CONTAS A RECEBER E A PAGAR","272 - DEVEDORES E CREDORES POR ACRÉSCIMOS","","2722203"
"a2l24000000U9xbAAC","2722204 - ENCARGOS FERIAS E SUB. FER. ANO""N-1""","Balance Sheet","2 - CONTAS A RECEBER E A PAGAR","27 - OUTRAS CONTAS A RECEBER E A PAGAR","272 - DEVEDORES E CREDORES POR ACRÉSCIMOS","","2722204"
"a2l24000000U9xcAAC","2722205 - FERIAS E SUBSÍDIOS DE FÉRIAS ANO ""N""","Balance Sheet","2 - CONTAS A RECEBER E A PAGAR","27 - OUTRAS CONTAS A RECEBER E A PAGAR","272 - DEVEDORES E CREDORES POR ACRÉSCIMOS","","2722205"
"a2l24000000U9xdAAC","2722206 - ENCARGOS FÉRIAS  E SUB. FÉRIAS ANO ""N""","Balance Sheet","2 - CONTAS A RECEBER E A PAGAR","27 - OUTRAS CONTAS A RECEBER E A PAGAR","272 - DEVEDORES E CREDORES POR ACRÉSCIMOS","","2722206"
"a2l24000000U9xfAAC","27229 - OUTROS ACRÉSCIMOS DE GASTOS","Balance Sheet","2 - CONTAS A RECEBER E A PAGAR","27 - OUTRAS CONTAS A RECEBER E A PAGAR","272 - DEVEDORES E CREDORES POR ACRÉSCIMOS","","27229"
"a2l24000000UA4RAAW","7888 - OUTROS NÃO ESPECIFICADOS","Profit and Loss","7 - RENDIMENTOS","78 - OUTROS RENDIMENTOS E GANHOS","788 - OUTROS *","","7888"
"a2l24000000UA4cAAG","793 - JUROS CONTRATO RENTING","Profit and Loss","7 - RENDIMENTOS","79 - JUROS/ DIVIDENDOS E OUTROS RENDIMENTOS SIMILARES","","","793"
"a2l24000000UA4iAAG","818 - RESULTADO LÍQUIDO","Profit and Loss","8 - RESULTADOS","81 - RESULTADO LÍQUIDO DO PERÍODO","","","818"
"a2l24000000UAaMAAW","2783 - CLIENTES RENTING","Balance Sheet","2 - CONTAS A RECEBER E A PAGAR","27 - OUTRAS CONTAS A RECEBER E A PAGAR","278 - OUTROS DEVEDORES E CREDORES","","2783"
"a2l24000000ZHXMAA4","2433310 - OP ATI_OBS_CONT_ISENTO","Balance Sheet","2 - CONTAS A RECEBER E A PAGAR","24 - ESTADO E OUTROS ENTES PÚBLICOS","243 - IMPOSTO SOBRE O VALOR ACRESCENTADO (IVA)","","2433310"
"a2l24000000ZHXRAA4","2433320 - OP ATI_OBS_AC_ISENTO","Balance Sheet","2 - CONTAS A RECEBER E A PAGAR","24 - ESTADO E OUTROS ENTES PÚBLICOS","243 - IMPOSTO SOBRE O VALOR ACRESCENTADO (IVA)","","2433320"
"a2l24000000ZHXWAA4","2433330 - OP ATI_OBS_MAD_ISENTO","Balance Sheet","2 - CONTAS A RECEBER E A PAGAR","24 - ESTADO E OUTROS ENTES PÚBLICOS","243 - IMPOSTO SOBRE O VALOR ACRESCENTADO (IVA)","","2433330"
"a2l24000000ZHXbAAO","2432110 - OP PAS_BENS_CONT_ISENTO","Balance Sheet","2 - CONTAS A RECEBER E A PAGAR","24 - ESTADO E OUTROS ENTES PÚBLICOS","243 - IMPOSTO SOBRE O VALOR ACRESCENTADO (IVA)","","2432110"
"a2l24000000ZHXgAAO","24321230- OP PAS_BENS_AC_ISENTO","Balance Sheet","2 - CONTAS A RECEBER E A PAGAR","24 - ESTADO E OUTROS ENTES PÚBLICOS","243 - IMPOSTO SOBRE O VALOR ACRESCENTADO (IVA)","","2432120"
"a2l24000000ZygZAAS","7931 - JUROS DE RESCISÕES ANTECIPADAS","Profit and Loss","7 - RENDIMENTOS","79 - JUROS/ DIVIDENDOS E OUTROS RENDIMENTOS SIMILARES","","","7931"
"a2l24000000U9xhAAC","2741 - ACTIVOS POR IMPOSTOS DIFERIDOS","Balance Sheet","2 - CONTAS A RECEBER E A PAGAR","27 - OUTRAS CONTAS A RECEBER E A PAGAR","274 - IMPOSTOS DIFERIDOS","","2741"
"a2l24000000U9xnAAC","2782 - OUTROS CREDORES","Balance Sheet","2 - CONTAS A RECEBER E A PAGAR","27 - OUTRAS CONTAS A RECEBER E A PAGAR","278 - OUTROS DEVEDORES E CREDORES","","2782"
"a2l24000000U9xpAAC","2811 - RENDAS","Balance Sheet","2 - CONTAS A RECEBER E A PAGAR","28 - DIFERIMENTOS","281 - GASTOS A RECONHECER","","2811"
"a2l24000000U9xqAAC","2812 - SEGUROS","Balance Sheet","2 - CONTAS A RECEBER E A PAGAR","28 - DIFERIMENTOS","281 - GASTOS A RECONHECER","","2812"
"a2l24000000U9xrAAC","2819 - OUTROS GASTOS A RECONHECER","Balance Sheet","2 - CONTAS A RECEBER E A PAGAR","28 - DIFERIMENTOS","281 - GASTOS A RECONHECER","","2819"
"a2l24000000U9xsAAC","2821 - DIFERIMENTO JUROS","Balance Sheet","2 - CONTAS A RECEBER E A PAGAR","28 - DIFERIMENTOS","282 - RENDIMENTOS A RECONHECER","","2821"
"a2l24000000U9xtAAC","2829 - OUTROS RENDIMENTOS A RECONHECER","Balance Sheet","2 - CONTAS A RECEBER E A PAGAR","28 - DIFERIMENTOS","282 - RENDIMENTOS A RECONHECER","","2829"
"a2l24000000U9y3AAC","311 - MERCADORIAS","Balance Sheet","3 - INVENTÁRIOS E ACTIVOS BIOLÓGICOS","31 - COMPRAS","","","311"
"a2l24000000U9yBAAS","3171 - MERCADORIAS","Balance Sheet","3 - INVENTÁRIOS E ACTIVOS BIOLÓGICOS","31 - COMPRAS","317 - DEVOLUÇÕES DE COMPRAS","","3171"
"a2l24000000U9yFAAS","321 - MERCADORIAS EM ARMAZÉM","Balance Sheet","3 - INVENTÁRIOS E ACTIVOS BIOLÓGICOS","32 - MERCADORIAS","","","321"
"a2l24000000Zz8AAAS","68883 - OUTROS","Profit and Loss","6 - GASTOS","68 - OUTROS GASTOS E PERDAS","688 - OUTROS","","68883"
"a2l24000000mQpRAAU","2432311 - OP PAS_OBS_CONT_REDUZIDA","Balance Sheet","2 - CONTAS A RECEBER E A PAGAR","24 - ESTADO E OUTROS ENTES PÚBLICOS","243 - IMPOSTO SOBRE O VALOR ACRESCENTADO (IVA)","","2432311"
"a2l24000000mQqjAAE","6241 - ELECTRICIDADE","Profit and Loss","6 - GASTOS","62 - FORNECIMENTOS E SERVIÇOS EXTERNOS","624 - ENERGIA E FLUÍDOS","","6241"
"a2l24000000U9yjAAC","415401 - FCT","Balance Sheet","4 - INVESTIMENTOS","41 - INVESTIMENTOS FINANCEIROS","415 - OUTROS INVESTIMENTOS FINANCEIROS","","415401"
"a2l24000000U9yyAAC","432 - EDIFÍCIOS E OUTRAS CONSTRUÇÕES","Balance Sheet","4 - INVESTIMENTOS","43 - ACTIVOS FIXOS TANGÍVEIS","","","432"
"a2l24000000U9yzAAC","433 - EQUIPAMENTO BÁSICO","Balance Sheet","4 - INVESTIMENTOS","43 - ACTIVOS FIXOS TANGÍVEIS","","","433"
"a2l24000000U9z1AAC","435 - EQUIPAMENTO ADMINISTRATIVO","Balance Sheet","4 - INVESTIMENTOS","43 - ACTIVOS FIXOS TANGÍVEIS","","","435"
"a2l24000000U9z8AAC","4385 - EQUIPAMENTO ADMINISTRATIVO","Balance Sheet","4 - INVESTIMENTOS","43 - ACTIVOS FIXOS TANGÍVEIS","438 - DEPRECIAÇÕES ACUMULADAS","","4385"
"a2l24000000U9zJAAS","442 - PROJECTOS DE DESENVOLVIMENTO","Balance Sheet","4 - INVESTIMENTOS","44 - ACTIVOS INTANGÍVEIS","","","442"
"a2l24000000U9zMAAS","446 - OUTROS ACTIVOS INTANGÍVEIS","Balance Sheet","4 - INVESTIMENTOS","44 - ACTIVOS INTANGÍVEIS","","","446"
"a2l24000000U9zaAAC","454 - ACTIVOS INTANGÍVEIS EM CURSO","Balance Sheet","4 - INVESTIMENTOS","45 - INVESTIMENTOS EM CURSO","","","454"
"a2l24000000U9zhAAC","51 - CAPITAL","Balance Sheet","5 - CAPITAL/ RESERVAS E RESULTADOS TRANSITADOS","","","","51"
"a2l24000000U9znAAC","561 - RT - EXERCÍCIOS ANTERIORES","Balance Sheet","5 - CAPITAL/ RESERVAS E RESULTADOS TRANSITADOS","56 - RESULTADOS TRANSITADOS","","","561"
"a2l24000000UA07AAG","611 - CMVMC - MERCADORIAS","Profit and Loss","6 - GASTOS","61 - CUSTO DAS MERCADORIAS VENDIDAS E DAS MATÉRIAS CONSUMIDAS","","","611"
"a2l24000000UA0BAAW","622101 - CONTABILIDADE","Profit and Loss","6 - GASTOS","62 - FORNECIMENTOS E SERVIÇOS EXTERNOS","622 - SERVIÇOS ESPECIALIZADOS","","622101"
"a2l24000000UA0CAAW","622102 - SERVIÇOS INFORMÁTICOS","Profit and Loss","6 - GASTOS","62 - FORNECIMENTOS E SERVIÇOS EXTERNOS","622 - SERVIÇOS ESPECIALIZADOS","","622102"
"a2l24000000UA0DAAW","622103 - OUTROS","Profit and Loss","6 - GASTOS","62 - FORNECIMENTOS E SERVIÇOS EXTERNOS","622 - SERVIÇOS ESPECIALIZADOS","","622103"
"a2l24000000UA0EAAW","6222 - PUBLICIDADE E PROPAGANDA","Profit and Loss","6 - GASTOS","62 - FORNECIMENTOS E SERVIÇOS EXTERNOS","622 - SERVIÇOS ESPECIALIZADOS","","6222"
"a2l24000000UA0GAAW","62241 - HONORÁRIOS COM RETENÇÃO NA FONTE","Profit and Loss","6 - GASTOS","62 - FORNECIMENTOS E SERVIÇOS EXTERNOS","622 - SERVIÇOS ESPECIALIZADOS","","62241"
"a2l24000000UA0HAAW","62242 - HONORÁRIOS SEM RETENÇÃO","Profit and Loss","6 - GASTOS","62 - FORNECIMENTOS E SERVIÇOS EXTERNOS","622 - SERVIÇOS ESPECIALIZADOS","","62242"
"a2l24000000UA0IAAW","6225 - COMISSÕES","Profit and Loss","6 - GASTOS","62 - FORNECIMENTOS E SERVIÇOS EXTERNOS","622 - SERVIÇOS ESPECIALIZADOS","","6225"
"a2l24000000UA0PAAW","6227 - SERVIÇOS BANCARIOS","Profit and Loss","6 - GASTOS","62 - FORNECIMENTOS E SERVIÇOS EXTERNOS","622 - SERVIÇOS ESPECIALIZADOS","","6227"
"a2l24000000UA0QAAW","6231 - FERRAM E UTENS DESGASTE RÁPIDO","Profit and Loss","6 - GASTOS","62 - FORNECIMENTOS E SERVIÇOS EXTERNOS","623 - MATERIAIS","","6231"
"a2l24000000UA0SAAW","6233 - MATERIAL DE ESCRITORIO","Profit and Loss","6 - GASTOS","62 - FORNECIMENTOS E SERVIÇOS EXTERNOS","623 - MATERIAIS","","6233"
"a2l24000000UA0WAAW","624212 - GASOLINA LIG PASSAG OU MISTAS > 25.000 < 35.000","Profit and Loss","6 - GASTOS","62 - FORNECIMENTOS E SERVIÇOS EXTERNOS","624 - ENERGIA E FLUÍDOS","","624212"
"a2l24000000UA0eAAG","6243 - ÁGUA","Profit and Loss","6 - GASTOS","62 - FORNECIMENTOS E SERVIÇOS EXTERNOS","624 - ENERGIA E FLUÍDOS","","6243"
"a2l24000000UA0gAAG","6251112 - KM'S C/ MAPA JUSTIF NÃO FACTS A CLIENTES","Profit and Loss","6 - GASTOS","62 - FORNECIMENTOS E SERVIÇOS EXTERNOS","625 - DESLOCAÇ./ ESTAS E TRANSPTES","","6251112"
"a2l24000000UA0mAAG","625132 - PORTAG LIG PASSAG OU MISTAS < 25.000","Profit and Loss","6 - GASTOS","62 - FORNECIMENTOS E SERVIÇOS EXTERNOS","625 - DESLOCAÇ./ ESTAS E TRANSPTES","","625132"
"a2l24000000UA0nAAG","625133 - PORTAG LIG PASSAG OU MISTAS > 25.000 < 35.000","Profit and Loss","6 - GASTOS","62 - FORNECIMENTOS E SERVIÇOS EXTERNOS","625 - DESLOCAÇ./ ESTAS E TRANSPTES","","625133"
"a2l24000000UA0qAAG","62515 - ESTADIAS E HOTEIS","Profit and Loss","6 - GASTOS","62 - FORNECIMENTOS E SERVIÇOS EXTERNOS","625 - DESLOCAÇ./ ESTAS E TRANSPTES","","62515"
"a2l24000000UA0rAAG","62516 - REFEIÇÕES EM SERVIÇO","Profit and Loss","6 - GASTOS","62 - FORNECIMENTOS E SERVIÇOS EXTERNOS","625 - DESLOCAÇ./ ESTAS E TRANSPTES","","62516"
"a2l24000000UA0sAAG","62517 - VIAGENS","Profit and Loss","6 - GASTOS","62 - FORNECIMENTOS E SERVIÇOS EXTERNOS","625 - DESLOCAÇ./ ESTAS E TRANSPTES","","62517"
"a2l24000000UA0tAAG","62519 - OUTRAS","Profit and Loss","6 - GASTOS","62 - FORNECIMENTOS E SERVIÇOS EXTERNOS","625 - DESLOCAÇ./ ESTAS E TRANSPTES","","62519"
"a2l24000000UA0vAAG","626111 - ESCRITÓRIO VIRTUAL","Profit and Loss","6 - GASTOS","62 - FORNECIMENTOS E SERVIÇOS EXTERNOS","626 - SERVIÇOS DIVERSOS","","626111"
"a2l24000000UA0wAAG","626112 - SALAS DE REUNIÕES","Profit and Loss","6 - GASTOS","62 - FORNECIMENTOS E SERVIÇOS EXTERNOS","626 - SERVIÇOS DIVERSOS","","626112"
"a2l24000000UA0yAAG","626122 - RENDAS E ALUGUERES LIG PASSAG OU MISTAS < 25.000","Profit and Loss","6 - GASTOS","62 - FORNECIMENTOS E SERVIÇOS EXTERNOS","626 - SERVIÇOS DIVERSOS","","626122"
"a2l24000000UA0zAAG","626123 - RENDAS E ALUGUERES LIG PASSAG OU MISTAS > 25.000 < 35.000","Profit and Loss","6 - GASTOS","62 - FORNECIMENTOS E SERVIÇOS EXTERNOS","626 - SERVIÇOS DIVERSOS","","626123"
"a2l24000000UA11AAG","6262 - COMUNICAÇÃO","Profit and Loss","6 - GASTOS","62 - FORNECIMENTOS E SERVIÇOS EXTERNOS","626 - SERVIÇOS DIVERSOS","","6262"
"a2l24000000UA15AAG","626332 - SEGURO LIG PASSAG OU MISTAS < 25.000","Profit and Loss","6 - GASTOS","62 - FORNECIMENTOS E SERVIÇOS EXTERNOS","626 - SERVIÇOS DIVERSOS","","626332"
"a2l24000000UA16AAG","626333 - SEGURO LIG PASSAG OU MISTAS > 25.000 < 35.000","Profit and Loss","6 - GASTOS","62 - FORNECIMENTOS E SERVIÇOS EXTERNOS","626 - SERVIÇOS DIVERSOS","","626333"
"a2l24000000UA17AAG","626334 - SEGURO LIG PASSAG OU MISTAS > 35.000","Profit and Loss","6 - GASTOS","62 - FORNECIMENTOS E SERVIÇOS EXTERNOS","626 - SERVIÇOS DIVERSOS","","626334"
"a2l24000000UA1AAAW","62639 - OUTROS SEGUROS","Profit and Loss","6 - GASTOS","62 - FORNECIMENTOS E SERVIÇOS EXTERNOS","626 - SERVIÇOS DIVERSOS","","62639"
"a2l24000000UA1BAAW","6264 - ROYALTIES","Profit and Loss","6 - GASTOS","62 - FORNECIMENTOS E SERVIÇOS EXTERNOS","626 - SERVIÇOS DIVERSOS","","6264"
"a2l24000000UA1CAAW","6265 - CONTENCIOSO E NOTARIADO","Profit and Loss","6 - GASTOS","62 - FORNECIMENTOS E SERVIÇOS EXTERNOS","626 - SERVIÇOS DIVERSOS","","6265"
"a2l24000000UA1DAAW","62661 - DESP REPRESENTAÇÃO - REFEIÇÃO","Profit and Loss","6 - GASTOS","62 - FORNECIMENTOS E SERVIÇOS EXTERNOS","626 - SERVIÇOS DIVERSOS","","62661"
"a2l24000000UA1FAAW","62663 - DESP REPRESENTAÇÃO - OUTRAS","Profit and Loss","6 - GASTOS","62 - FORNECIMENTOS E SERVIÇOS EXTERNOS","626 - SERVIÇOS DIVERSOS","","62663"
"a2l24000000UA1GAAW","6267 - LIMPEZA/ HIGIENE E CONFORTO","Profit and Loss","6 - GASTOS","62 - FORNECIMENTOS E SERVIÇOS EXTERNOS","626 - SERVIÇOS DIVERSOS","","6267"
"a2l24000000UA1RAAW","63201 - PESSOAL - REMUNERAÇÃO BASE","Profit and Loss","6 - GASTOS","63 - GASTOS COM O PESSOAL","632 - REMUNERAÇÕES DO PESSOAL","","63201"
"a2l24000000UA1SAAW","63202 - PESSOAL - SUBSÍDIO DE FÉRIAS","Profit and Loss","6 - GASTOS","63 - GASTOS COM O PESSOAL","632 - REMUNERAÇÕES DO PESSOAL","","63202"
"a2l24000000UA1UAAW","63204 - PESSOAL - SUBSIDIO DE REFEIÇÃO","Profit and Loss","6 - GASTOS","63 - GASTOS COM O PESSOAL","632 - REMUNERAÇÕES DO PESSOAL","","63204"
"a2l24000000UA1YAAW","63208 - PESSOAL - BÓNUS E COMISSÕES","Profit and Loss","6 - GASTOS","63 - GASTOS COM O PESSOAL","632 - REMUNERAÇÕES DO PESSOAL","","63208"
"a2l24000000UA1aAAG","63210 - PESSOAL - OUTRAS REMUNERAÇÕES","Profit and Loss","6 - GASTOS","63 - GASTOS COM O PESSOAL","632 - REMUNERAÇÕES DO PESSOAL","","63210"
"a2l24000000UA1eAAG","63511 - SEGURANÇA SOCIAL - O. SOCIAIS","Profit and Loss","6 - GASTOS","63 - GASTOS COM O PESSOAL","635 - ENCARGOS SOBRE REMUNERAÇÕES","","63511"
"a2l24000000UA1fAAG","63512 - SEGURANÇA SOCIAL - PESSOAL","Profit and Loss","6 - GASTOS","63 - GASTOS COM O PESSOAL","635 - ENCARGOS SOBRE REMUNERAÇÕES","","63512"
"a2l24000000UA1gAAG","63513 - FGCT","Profit and Loss","6 - GASTOS","63 - GASTOS COM O PESSOAL","635 - ENCARGOS SOBRE REMUNERAÇÕES","","63513"
"a2l24000000UA1kAAG","638 - OUTROS GASTOS COM O PESSOAL","Profit and Loss","6 - GASTOS","63 - GASTOS COM O PESSOAL","","","638"
"a2l24000000UA2NAAW","68122 - IVA (PRO-RATA)","Profit and Loss","6 - GASTOS","68 - OUTROS GASTOS E PERDAS","681 - IMPOSTOS","","68122"
"a2l1o000000oiIJAAY","27821 - CONSERVATORIA","Balance Sheet","2 - CONTAS A RECEBER E A PAGAR","27 - OUTRAS CONTAS A RECEBER E A PAGAR","278 - OUTROS DEVEDORES E CREDORES","","27821"
"a2l1o000000okl7AAA","217 - CLIENTES DE COBRANÇA DUVIDOSA","Balance Sheet","2 - CONTAS A RECEBER E A PAGAR","21 - CLIENTES","","","217"
"a2l1o000000okl8AAA","219 - PERDAS POR IMPARIDADE ACUMULADAS","Balance Sheet","2 - CONTAS A RECEBER E A PAGAR","21 - CLIENTES","","","219"
"a2l24000000UA30AAG","68871 - MULTAS FISCAIS","Profit and Loss","6 - GASTOS","68 - OUTROS GASTOS E PERDAS","688 - OUTROS","","68871"
"a2l24000000UA34AAG","688821 - DESPESAS NÃO DOCUMENTADAS (TRIB. AUTONOMA)","Profit and Loss","6 - GASTOS","68 - OUTROS GASTOS E PERDAS","688 - OUTROS","","688821"
"a2l24000000UA35AAG","688822 - DESPESAS NÃO DEV. DOCUMENTADAS","Profit and Loss","6 - GASTOS","68 - OUTROS GASTOS E PERDAS","688 - OUTROS","","688822"
"a2l1o000000okxIAAQ","27822 - OUTROS CREDORES - EDENRED - CARTÕES DE REFEIÇÃO","Balance Sheet","2 - CONTAS A RECEBER E A PAGAR","27 - OUTRAS CONTAS A RECEBER E A PAGAR","278 - OUTROS DEVEDORES E CREDORES","","27822"
"a2l1o000000omqrAAA","62251 - COMISSÕES PARCEIROS RENTING","Profit and Loss","6 - GASTOS","62 - FORNECIMENTOS E SERVIÇOS EXTERNOS","622 - SERVIÇOS ESPECIALIZADOS","","62251"
"a2l1o000000omqwAAA","62252 - COMISSÕES EDENRED - CARTÕES DE REFEIÇÃO","Profit and Loss","6 - GASTOS","62 - FORNECIMENTOS E SERVIÇOS EXTERNOS","622 - SERVIÇOS ESPECIALIZADOS","","62252"
"a2l1o000000osASAAY","27829997 - FECHO SF","Balance Sheet","2 - CONTAS A RECEBER E A PAGAR","27 - OUTRAS CONTAS A RECEBER E A PAGAR","278 - OUTROS DEVEDORES E CREDORES","","27829997"
"a2l240000005Ja6AAE","2489 - PAGAMENTOS AO ESTADO","Balance Sheet","2 - CONTAS A RECEBER E A PAGAR","24 - ESTADO E OUTROS ENTES PÚBLICOS","","","2489"
"a2l240000005K77AAE","24341111 - REGULARIZAÇÕES P/ FACTURAS  EMITIDAS","Balance Sheet","2 - CONTAS A RECEBER E A PAGAR","24 - ESTADO E OUTROS ENTES PÚBLICOS","243 - IMPOSTO SOBRE O VALOR ACRESCENTADO (IVA)","","24341111"
"a2l240000005K7CAAU","2432314 - OP PAS_OBS_CONT_AL","Balance Sheet","2 - CONTAS A RECEBER E A PAGAR","24 - ESTADO E OUTROS ENTES PÚBLICOS","243 - IMPOSTO SOBRE O VALOR ACRESCENTADO (IVA)","","2432314"
"a2l240000005KIKAA2","314 - MERCADORIAS DOADAS","Balance Sheet","3 - INVENTÁRIOS E ACTIVOS BIOLÓGICOS","31 - COMPRAS","","","314"
"a2l240000005KJIAA2","622109 - TRABALHOS ESPECIALIZADOS","Profit and Loss","6 - GASTOS","62 - FORNECIMENTOS E SERVIÇOS EXTERNOS","622 - SERVIÇOS ESPECIALIZADOS","","622109"
"a2l240000005KJNAA2","2781 - OUTROS DEVEDORES","Balance Sheet","2 - CONTAS A RECEBER E A PAGAR","27 - OUTRAS CONTAS A RECEBER E A PAGAR","278 - OUTROS DEVEDORES E CREDORES","","2781"
"a2l240000005KO1AAM","622104 - JURIDICO","Profit and Loss","6 - GASTOS","62 - FORNECIMENTOS E SERVIÇOS EXTERNOS","622 - SERVIÇOS ESPECIALIZADOS","","622104"
"a2l240000005KO6AAM","622105 - AUDITORIA","Profit and Loss","6 - GASTOS","62 - FORNECIMENTOS E SERVIÇOS EXTERNOS","622 - SERVIÇOS ESPECIALIZADOS","","622105"
"a2l240000005L0GAAU","2822 - DIFERIMENTO SEGURO","Balance Sheet","2 - CONTAS A RECEBER E A PAGAR","28 - DIFERIMENTOS","282 - RENDIMENTOS A RECONHECER","","2822"
"a2l240000005LQ3AAM","27829999 - IVA A REGULARIZAR","Balance Sheet","2 - CONTAS A RECEBER E A PAGAR","27 - OUTRAS CONTAS A RECEBER E A PAGAR","278 - OUTROS DEVEDORES E CREDORES","","27829999"
"a2l240000005LSYAA2","27820009 - IVA NC por assinar","Balance Sheet","2 - CONTAS A RECEBER E A PAGAR","27 - OUTRAS CONTAS A RECEBER E A PAGAR","278 - OUTROS DEVEDORES E CREDORES","","27820009"
"a2l240000005LWLAA2","12021 - Bankinter - CTA 741 203631269","Balance Sheet","1 - MEIOS FINANCEIROS LÍQUIDOS","12 - DEPÓSITOS À ORDEM","1202 - Bankinter","","12021"
"a2l24000000QLUsAAO","688823 - DESPESAS RELACIONADAS COM PROTEÇÃO DE EQUIPAMENTO","Profit and Loss","6 - GASTOS","68 - OUTROS GASTOS E PERDAS","688 - OUTROS","","688823"
"a2l24000000QZjbAAG","6261901 - SERVIÇO ESTAFETAS","Profit and Loss","6 - GASTOS","62 - FORNECIMENTOS E SERVIÇOS EXTERNOS","626 - SERVIÇOS DIVERSOS","","6261901"
"a2l24000000QZk5AAG","62518 - ESTACIONAMENTO","Profit and Loss","6 - GASTOS","62 - FORNECIMENTOS E SERVIÇOS EXTERNOS","625 - DESLOCAÇ./ ESTAS E TRANSPTES","","62518"
"a2l24000000U9vkAAC","12011 - BPI - CTA 653000670000001","Balance Sheet","1 - MEIOS FINANCEIROS LÍQUIDOS","12 - DEPÓSITOS À ORDEM","1201 - BPI","","12011"
"a2l24000000U9vlAAC","12013 - BPI - CTA 653000670000003","Balance Sheet","1 - MEIOS FINANCEIROS LÍQUIDOS","12 - DEPÓSITOS À ORDEM","1201 - BPI","","12013"
"a2l24000000U9vmAAC","12012 - BPI - CTA 653000670000002","Balance Sheet","1 - MEIOS FINANCEIROS LÍQUIDOS","12 - DEPÓSITOS À ORDEM","1201 - BPI","","12012"
"a2l24000000U9vnAAC","21111 - CLIENTES NACIONAIS","Balance Sheet","2 - CONTAS A RECEBER E A PAGAR","21 - CLIENTES","211 - CLIENTES C/C","","21111"
"a2l24000000U9voAAC","22111 - FORNECEDORES NACIONAIS","Balance Sheet","2 - CONTAS A RECEBER E A PAGAR","22 - FORNECEDORES","221 - FORNECEDORES C/C","","22111"
"a2l24000000U9vpAAC","22112 - FORNECEDORES COMUNITÁRIOS","Balance Sheet","2 - CONTAS A RECEBER E A PAGAR","22 - FORNECEDORES","221 - FORNECEDORES C/C","","22112"
"a2l24000000U9vqAAC","22113 - FORNECEDORES DE OUTROS PAÍSES","Balance Sheet","2 - CONTAS A RECEBER E A PAGAR","22 - FORNECEDORES","221 - FORNECEDORES C/C","","22113"
"a2l24000000U9vrAAC","22114 - FORNECEDORES LEASING","Balance Sheet","2 - CONTAS A RECEBER E A PAGAR","22 - FORNECEDORES","221 - FORNECEDORES C/C","","22114"
"a2l24000000U9vtAAC","2312 - AO PESSOAL","Balance Sheet","2 - CONTAS A RECEBER E A PAGAR","23 - PESSOAL","231 - REMUNERAÇÕES A PAGAR","","2312"
"a2l24000000U9w0AAC","2413 - IRC ESTIMADO","Balance Sheet","2 - CONTAS A RECEBER E A PAGAR","24 - ESTADO E OUTROS ENTES PÚBLICOS","241 - IMPOSTO SOBRE O RENDIMENTO","","2413"
"a2l24000000UA36AAG","6911 - JUROS DE FINANCIAMENTO OBTIDOS","Profit and Loss","6 - GASTOS","69 - GASTOS E PERDAS DE FINANCIAMENTO","691 - JUROS SUPORTADOS","","6911"
"a2l24000000UA38AAG","6913 - JUROS DE MORA E COMPENSATÓRIOS","Profit and Loss","6 - GASTOS","69 - GASTOS E PERDAS DE FINANCIAMENTO","691 - JUROS SUPORTADOS","","6913"
"a2l24000000UA3LAAW","711 - MERCADORIA","Profit and Loss","7 - RENDIMENTOS","71 - VENDAS","","","711"
