"c2g__Transaction__r.Id","c2g__Transaction__r.c2g__TransactionDate__c","c2g__Transaction__r.CreatedBy.Name","c2g__Transaction__r.c2g__DocumentDescription__c","c2g__Transaction__r.c2g__DocumentNumber__c","c2g__Transaction__r.c2g__Account__c","c2g__Transaction__r.c2g__Account__r.Type","c2g__Transaction__r.c2g__Period__r.c2g__PeriodNumber__c","Id","TLDebit__c","TLCredit__c","c2g__GeneralLedgerAccount__c","CreatedDate","c2g__LineDescription__c","c2g__GeneralLedgerAccount__r.c2g__ReportingCode__c"
"a3i1o000000MNy5AAG","2017-12-11","Tatiana Abreu","Invoice Number:PIN002607","PCR000088","0012400001HZmVVAA1","Service Provider","012","a3h1o000000EbUUAA0","44744.36","0.0","a2l24000000U9voAAC","2017-12-14T11:20:10.000Z","Invoice Number:PIN002607","22111"
"a3i1o000000MNy5AAG","2017-12-11","Tatiana Abreu","Invoice Number:PIN002607","PCR000088","0012400001HZmVVAA1","Service Provider","012","a3h1o000000EbUVAA0","0.0","36377.53","a2l24000000U9yyAAC","2017-12-14T11:20:10.000Z","","432"
"a3i1o000000MNy5AAG","2017-12-11","Tatiana Abreu","Invoice Number:PIN002607","PCR000088","0012400001HZmVVAA1","Service Provider","012","a3h1o000000EbUWAA0","0.0","8366.83","a2l24000000U9wSAAS","2017-12-14T11:20:10.000Z","IMOCONT23","2432211"
"a3i1o000000MNzwAAG","2017-11-28","Tatiana Abreu","Invoice Number:PIN003937","PCR000089","0012400000st2RuAAI","Channel Partner / Vendor","011","a3h1o000000EbaBAAS","4394.18","0.0","a2l24000000U9vrAAC","2017-12-14T13:35:49.000Z","Invoice Number:PIN003937","22114"
"a3i1o000000MNzwAAG","2017-11-28","Tatiana Abreu","Invoice Number:PIN003937","PCR000089","0012400000st2RuAAI","Channel Partner / Vendor","011","a3h1o000000EbaCAAS","0.0","3572.5","a2l24000000U9y3AAC","2017-12-14T13:35:49.000Z","","311"
"a3i1o000000MNzwAAG","2017-11-28","Tatiana Abreu","Invoice Number:PIN003937","PCR000089","0012400000st2RuAAI","Channel Partner / Vendor","011","a3h1o000000EbaDAAS","0.0","821.68","a2l24000000U9wOAAS","2017-12-14T13:35:49.000Z","CCONT23","2432113"
"a3i1o000000MUvZAAW","2017-12-28","Tatiana Abreu","Invoice Number:PIN004043","PCR000090","0012400000YF5NMAA1","Channel Partner / Vendor","012","a3h1o000000Es8wAAC","3075.0","0.0","a2l24000000U9vrAAC","2017-12-28T18:06:22.000Z","Invoice Number:PIN004043","22114"
"a3i1o000000MUvZAAW","2017-12-28","Tatiana Abreu","Invoice Number:PIN004043","PCR000090","0012400000YF5NMAA1","Channel Partner / Vendor","012","a3h1o000000Es8xAAC","0.0","2500.0","a2l24000000U9y3AAC","2017-12-28T18:06:22.000Z","","311"
"a3i1o000000MUvZAAW","2017-12-28","Tatiana Abreu","Invoice Number:PIN004043","PCR000090","0012400000YF5NMAA1","Channel Partner / Vendor","012","a3h1o000000Es8yAAC","0.0","575.0","a2l24000000U9wOAAS","2017-12-28T18:06:22.000Z","CCONT23","2432113"
"a3i1o000000MUvjAAG","2017-12-28","Tatiana Abreu","Invoice Number:PIN004044","PCR000091","0012400000YF5NMAA1","Channel Partner / Vendor","012","a3h1o000000Es96AAC","4305.0","0.0","a2l24000000U9vrAAC","2017-12-28T18:08:23.000Z","Invoice Number:PIN004044","22114"
"a3i1o000000MUvjAAG","2017-12-28","Tatiana Abreu","Invoice Number:PIN004044","PCR000091","0012400000YF5NMAA1","Channel Partner / Vendor","012","a3h1o000000Es97AAC","0.0","3500.0","a2l24000000U9y3AAC","2017-12-28T18:08:23.000Z","","311"
"a3i1o000000MUvjAAG","2017-12-28","Tatiana Abreu","Invoice Number:PIN004044","PCR000091","0012400000YF5NMAA1","Channel Partner / Vendor","012","a3h1o000000Es98AAC","0.0","805.0","a2l24000000U9wOAAS","2017-12-28T18:08:23.000Z","CCONT23","2432113"
"a3i1o000000MUvtAAG","2017-12-28","Tatiana Abreu","Invoice Number:PIN004045","PCR000092","0012400000YF5NMAA1","Channel Partner / Vendor","012","a3h1o000000Es9GAAS","4305.0","0.0","a2l24000000U9vrAAC","2017-12-28T18:11:32.000Z","Invoice Number:PIN004045","22114"
"a3i1o000000MUvtAAG","2017-12-28","Tatiana Abreu","Invoice Number:PIN004045","PCR000092","0012400000YF5NMAA1","Channel Partner / Vendor","012","a3h1o000000Es9HAAS","0.0","3500.0","a2l24000000U9y3AAC","2017-12-28T18:11:32.000Z","","311"
"a3i1o000000MUvtAAG","2017-12-28","Tatiana Abreu","Invoice Number:PIN004045","PCR000092","0012400000YF5NMAA1","Channel Partner / Vendor","012","a3h1o000000Es9IAAS","0.0","805.0","a2l24000000U9wOAAS","2017-12-28T18:11:32.000Z","CCONT23","2432113"
"a3i1o000000MV2TAAW","2017-12-29","Tatiana Abreu","Invoice Number:PIN004052","PCR000093","0012400000VClmEAAT","Channel Partner / Vendor","012","a3h1o000000EsNRAA0","3284.1","0.0","a2l24000000U9vrAAC","2017-12-29T12:13:25.000Z","Invoice Number:PIN004052","22114"
"a3i1o000000MV2TAAW","2017-12-29","Tatiana Abreu","Invoice Number:PIN004052","PCR000093","0012400000VClmEAAT","Channel Partner / Vendor","012","a3h1o000000EsNSAA0","0.0","2670.0","a2l24000000U9y3AAC","2017-12-29T12:13:25.000Z","","311"
"a3i1o000000MV2TAAW","2017-12-29","Tatiana Abreu","Invoice Number:PIN004052","PCR000093","0012400000VClmEAAT","Channel Partner / Vendor","012","a3h1o000000EsNTAA0","0.0","614.1","a2l24000000U9wOAAS","2017-12-29T12:13:25.000Z","CCONT23","2432113"
"a3i1o000000MV43AAG","2017-12-29","Tatiana Abreu","Invoice Number:PIN004053","PCR000094","0012400000cf8SKAAY","Channel Partner / Vendor","012","a3h1o000000EsSYAA0","15373.77","0.0","a2l24000000U9vrAAC","2017-12-29T12:31:43.000Z","Invoice Number:PIN004053","22114"
"a3i1o000000MV43AAG","2017-12-29","Tatiana Abreu","Invoice Number:PIN004053","PCR000094","0012400000cf8SKAAY","Channel Partner / Vendor","012","a3h1o000000EsSZAA0","0.0","12499.0","a2l24000000U9y3AAC","2017-12-29T12:31:43.000Z","","311"
"a3i1o000000MV43AAG","2017-12-29","Tatiana Abreu","Invoice Number:PIN004053","PCR000094","0012400000cf8SKAAY","Channel Partner / Vendor","012","a3h1o000000EsSaAAK","0.0","2874.77","a2l24000000U9wOAAS","2017-12-29T12:31:43.000Z","CCONT23","2432113"
"a3i1o000000MV48AAG","2017-12-29","Tatiana Abreu","Invoice Number:PIN004054","PCR000095","0012400000cf8SKAAY","Channel Partner / Vendor","012","a3h1o000000EsSdAAK","2485.65","0.0","a2l24000000U9vrAAC","2017-12-29T12:33:40.000Z","Invoice Number:PIN004054","22114"
"a3i1o000000MV48AAG","2017-12-29","Tatiana Abreu","Invoice Number:PIN004054","PCR000095","0012400000cf8SKAAY","Channel Partner / Vendor","012","a3h1o000000EsSeAAK","0.0","2020.85","a2l24000000U9y3AAC","2017-12-29T12:33:40.000Z","","311"
"a3i1o000000MV48AAG","2017-12-29","Tatiana Abreu","Invoice Number:PIN004054","PCR000095","0012400000cf8SKAAY","Channel Partner / Vendor","012","a3h1o000000EsSfAAK","0.0","464.8","a2l24000000U9wOAAS","2017-12-29T12:33:40.000Z","CCONT23","2432113"
"a3i1o000000MV4IAAW","2017-12-29","Tatiana Abreu","Invoice Number:PIN004055","PCR000096","0012400000cf8SKAAY","Channel Partner / Vendor","012","a3h1o000000EsSnAAK","9775.67","0.0","a2l24000000U9vrAAC","2017-12-29T12:37:34.000Z","Invoice Number:PIN004055","22114"
"a3i1o000000MV4IAAW","2017-12-29","Tatiana Abreu","Invoice Number:PIN004055","PCR000096","0012400000cf8SKAAY","Channel Partner / Vendor","012","a3h1o000000EsSoAAK","0.0","7947.7","a2l24000000U9y3AAC","2017-12-29T12:37:34.000Z","","311"
"a3i1o000000MV4IAAW","2017-12-29","Tatiana Abreu","Invoice Number:PIN004055","PCR000096","0012400000cf8SKAAY","Channel Partner / Vendor","012","a3h1o000000EsSpAAK","0.0","1827.97","a2l24000000U9wOAAS","2017-12-29T12:37:34.000Z","CCONT23","2432113"
"a3i1o000000MV4SAAW","2017-12-29","Tatiana Abreu","Invoice Number:PIN004056","PCR000097","0012400000cf8SKAAY","Channel Partner / Vendor","012","a3h1o000000EsSxAAK","3114.24","0.0","a2l24000000U9vrAAC","2017-12-29T12:41:12.000Z","Invoice Number:PIN004056","22114"
"a3i1o000000MV4SAAW","2017-12-29","Tatiana Abreu","Invoice Number:PIN004056","PCR000097","0012400000cf8SKAAY","Channel Partner / Vendor","012","a3h1o000000EsSyAAK","0.0","2531.9","a2l24000000U9y3AAC","2017-12-29T12:41:12.000Z","","311"
"a3i1o000000MV4SAAW","2017-12-29","Tatiana Abreu","Invoice Number:PIN004056","PCR000097","0012400000cf8SKAAY","Channel Partner / Vendor","012","a3h1o000000EsSzAAK","0.0","582.34","a2l24000000U9wOAAS","2017-12-29T12:41:12.000Z","CCONT23","2432113"
"a3i1o000000MV4cAAG","2017-12-29","Tatiana Abreu","Invoice Number:PIN004057","PCR000098","0012400000cf8SKAAY","Channel Partner / Vendor","012","a3h1o000000EsT7AAK","5810.69","0.0","a2l24000000U9vrAAC","2017-12-29T12:50:02.000Z","Invoice Number:PIN004057","22114"
"a3i1o000000MV4cAAG","2017-12-29","Tatiana Abreu","Invoice Number:PIN004057","PCR000098","0012400000cf8SKAAY","Channel Partner / Vendor","012","a3h1o000000EsT8AAK","0.0","4724.14","a2l24000000U9y3AAC","2017-12-29T12:50:02.000Z","","311"
"a3i1o000000MV4cAAG","2017-12-29","Tatiana Abreu","Invoice Number:PIN004057","PCR000098","0012400000cf8SKAAY","Channel Partner / Vendor","012","a3h1o000000EsT9AAK","0.0","1086.55","a2l24000000U9wOAAS","2017-12-29T12:50:02.000Z","CCONT23","2432113"
"a3i1o000000MV4mAAG","2017-12-29","Tatiana Abreu","Invoice Number:PIN004058","PCR000099","0012400000zb8ISAAY","Channel Partner / Vendor","012","a3h1o000000EsTHAA0","3075.0","0.0","a2l24000000U9vrAAC","2017-12-29T12:55:44.000Z","Invoice Number:PIN004058","22114"
"a3i1o000000MV4mAAG","2017-12-29","Tatiana Abreu","Invoice Number:PIN004058","PCR000099","0012400000zb8ISAAY","Channel Partner / Vendor","012","a3h1o000000EsTIAA0","0.0","2500.0","a2l24000000U9y3AAC","2017-12-29T12:55:44.000Z","","311"
"a3i1o000000MV4mAAG","2017-12-29","Tatiana Abreu","Invoice Number:PIN004058","PCR000099","0012400000zb8ISAAY","Channel Partner / Vendor","012","a3h1o000000EsTJAA0","0.0","575.0","a2l24000000U9wOAAS","2017-12-29T12:55:44.000Z","CCONT23","2432113"
"a3i1o000000MV4wAAG","2017-12-29","Tatiana Abreu","Invoice Number:PIN004059","PCR000100","0012400000ssnkhAAA","Channel Partner / Vendor","012","a3h1o000000EsTRAA0","784.74","0.0","a2l24000000U9vrAAC","2017-12-29T13:13:13.000Z","Invoice Number:PIN004059","22114"
"a3i1o000000MV4wAAG","2017-12-29","Tatiana Abreu","Invoice Number:PIN004059","PCR000100","0012400000ssnkhAAA","Channel Partner / Vendor","012","a3h1o000000EsTSAA0","0.0","638.0","a2l24000000U9y3AAC","2017-12-29T13:13:13.000Z","","311"
"a3i1o000000MV4wAAG","2017-12-29","Tatiana Abreu","Invoice Number:PIN004059","PCR000100","0012400000ssnkhAAA","Channel Partner / Vendor","012","a3h1o000000EsTTAA0","0.0","146.74","a2l24000000U9wOAAS","2017-12-29T13:13:13.000Z","CCONT23","2432113"
"a3i1o000000MV8rAAG","2017-12-29","Tatiana Abreu","Invoice Number:PIN004068","PCR000101","0012400000eBOOTAA4","Channel Partner / Vendor","012","a3h1o000000EscMAAS","1968.0","0.0","a2l24000000U9vrAAC","2017-12-29T16:58:56.000Z","Invoice Number:PIN004068","22114"
"a3i1o000000MV8rAAG","2017-12-29","Tatiana Abreu","Invoice Number:PIN004068","PCR000101","0012400000eBOOTAA4","Channel Partner / Vendor","012","a3h1o000000EscNAAS","0.0","1600.0","a2l24000000U9y3AAC","2017-12-29T16:58:56.000Z","","311"
"a3i1o000000MV8rAAG","2017-12-29","Tatiana Abreu","Invoice Number:PIN004068","PCR000101","0012400000eBOOTAA4","Channel Partner / Vendor","012","a3h1o000000EscOAAS","0.0","368.0","a2l24000000U9wOAAS","2017-12-29T16:58:56.000Z","CCONT23","2432113"
"a3i1o000000MV91AAG","2017-12-29","Tatiana Abreu","Invoice Number:PIN004069","PCR000102","001240000107vGKAAY","Channel Partner / Vendor","012","a3h1o000000EscWAAS","1817.99","0.0","a2l24000000U9vrAAC","2017-12-29T17:02:18.000Z","Invoice Number:PIN004069","22114"
"a3i1o000000MV91AAG","2017-12-29","Tatiana Abreu","Invoice Number:PIN004069","PCR000102","001240000107vGKAAY","Channel Partner / Vendor","012","a3h1o000000EscXAAS","0.0","1478.04","a2l24000000U9y3AAC","2017-12-29T17:02:18.000Z","","311"
"a3i1o000000MV91AAG","2017-12-29","Tatiana Abreu","Invoice Number:PIN004069","PCR000102","001240000107vGKAAY","Channel Partner / Vendor","012","a3h1o000000EscYAAS","0.0","339.95","a2l24000000U9wOAAS","2017-12-29T17:02:18.000Z","CCONT23","2432113"
"a3i1o000000MV9BAAW","2017-12-29","Tatiana Abreu","Invoice Number:PIN004070","PCR000103","0012400000esIpzAAE","Channel Partner / Vendor","012","a3h1o000000EscgAAC","1377.6","0.0","a2l24000000U9vrAAC","2017-12-29T17:10:25.000Z","Invoice Number:PIN004070","22114"
"a3i1o000000MV9BAAW","2017-12-29","Tatiana Abreu","Invoice Number:PIN004070","PCR000103","0012400000esIpzAAE","Channel Partner / Vendor","012","a3h1o000000EschAAC","0.0","1120.0","a2l24000000U9y3AAC","2017-12-29T17:10:25.000Z","","311"
"a3i1o000000MV9BAAW","2017-12-29","Tatiana Abreu","Invoice Number:PIN004070","PCR000103","0012400000esIpzAAE","Channel Partner / Vendor","012","a3h1o000000EsciAAC","0.0","257.6","a2l24000000U9wOAAS","2017-12-29T17:10:25.000Z","CCONT23","2432113"
"a3i1o000000MV9LAAW","2017-12-29","Tatiana Abreu","Invoice Number:PIN004071","PCR000104","0012400000Z5tg1AAB","Channel Partner / Vendor","012","a3h1o000000EscqAAC","4216.44","0.0","a2l24000000U9vrAAC","2017-12-29T17:21:15.000Z","Invoice Number:PIN004071","22114"
"a3i1o000000MV9LAAW","2017-12-29","Tatiana Abreu","Invoice Number:PIN004071","PCR000104","0012400000Z5tg1AAB","Channel Partner / Vendor","012","a3h1o000000EscrAAC","0.0","3428.0","a2l24000000U9y3AAC","2017-12-29T17:21:15.000Z","","311"
"a3i1o000000MV9LAAW","2017-12-29","Tatiana Abreu","Invoice Number:PIN004071","PCR000104","0012400000Z5tg1AAB","Channel Partner / Vendor","012","a3h1o000000EscsAAC","0.0","788.44","a2l24000000U9wOAAS","2017-12-29T17:21:15.000Z","CCONT23","2432113"
"a3i1o000000bt1cAAA","2017-12-31","Tatiana Abreu","Invoice Number:PIN003960","PCR000106","00124000014Hqh5AAC","Service Provider","012","a3h1o000000cFyRAAU","9231.15","0.0","a2l24000000U9vnAAC","2018-01-03T14:21:27.000Z","Invoice Number:PIN003960","21111"
"a3i1o000000bt1cAAA","2017-12-31","Tatiana Abreu","Invoice Number:PIN003960","PCR000106","00124000014Hqh5AAC","Service Provider","012","a3h1o000000cFySAAU","0.0","7505.0","a2l24000000UA0DAAW","2018-01-03T14:21:27.000Z","","622103"
"a3i1o000000bt1cAAA","2017-12-31","Tatiana Abreu","Invoice Number:PIN003960","PCR000106","00124000014Hqh5AAC","Service Provider","012","a3h1o000000cFyTAAU","0.0","1726.15","a2l24000000U9wWAAS","2018-01-03T14:21:27.000Z","OBSCONT23","243231"
"a3i2400000099vHAAQ","2017-02-06","Sérgio Nunes","Invoice Number:PIN000011","PCR000000","0012400000XbiLsAAJ","Channel Partner / Vendor","002","a3h240000000axXAAQ","12.3","0.0","a2l24000000U9vrAAC","2017-02-06T18:07:02.000Z","Invoice Number:PIN000011","22114"
"a3i2400000099vHAAQ","2017-02-06","Sérgio Nunes","Invoice Number:PIN000011","PCR000000","0012400000XbiLsAAJ","Channel Partner / Vendor","002","a3h240000000axYAAQ","0.0","10.0","a2l24000000U9voAAC","2017-02-06T18:07:02.000Z","","22111"
"a3i2400000099vHAAQ","2017-02-06","Sérgio Nunes","Invoice Number:PIN000011","PCR000000","0012400000XbiLsAAJ","Channel Partner / Vendor","002","a3h240000000axZAAQ","0.0","2.3","a2l24000000U9wOAAS","2017-02-06T18:07:02.000Z","CCONT23","2432113"
"a3i240000009C9hAAE","2017-02-20","Sérgio Nunes","Invoice Number:PIN000373","PCR000002","0012400000Ue6YMAAZ","Channel Partner / Vendor","002","a3h240000000dmzAAA","6595.56","0.0","a2l24000000U9vrAAC","2017-03-08T16:30:54.000Z","Invoice Number:PIN000373","22114"
"a3i240000009C9hAAE","2017-02-20","Sérgio Nunes","Invoice Number:PIN000373","PCR000002","0012400000Ue6YMAAZ","Channel Partner / Vendor","002","a3h240000000dn0AAA","0.0","5362.24","a2l24000000U9y3AAC","2017-03-08T16:30:54.000Z","","311"
"a3i240000009C9hAAE","2017-02-20","Sérgio Nunes","Invoice Number:PIN000373","PCR000002","0012400000Ue6YMAAZ","Channel Partner / Vendor","002","a3h240000000dn1AAA","0.0","1233.32","a2l24000000U9wOAAS","2017-03-08T16:30:54.000Z","CCONT23","2432113"
"a3i240000009CBnAAM","2017-03-08","Sérgio Nunes","Invoice Number:PIN000404","PCR000004","0012400000yBtlXAAS","Channel Partner / Vendor","003","a3h240000000dp5AAA","2693.7","0.0","a2l24000000U9vrAAC","2017-03-08T17:31:51.000Z","Invoice Number:PIN000404","22114"
"a3i240000009CBnAAM","2017-03-08","Sérgio Nunes","Invoice Number:PIN000404","PCR000004","0012400000yBtlXAAS","Channel Partner / Vendor","003","a3h240000000dp6AAA","0.0","2190.0","a2l24000000U9y3AAC","2017-03-08T17:31:51.000Z","","311"
"a3i240000009CBnAAM","2017-03-08","Sérgio Nunes","Invoice Number:PIN000404","PCR000004","0012400000yBtlXAAS","Channel Partner / Vendor","003","a3h240000000dp7AAA","0.0","503.7","a2l24000000U9wOAAS","2017-03-08T17:31:51.000Z","CCONT23","2432113"
"a3i240000009CC7AAM","2017-03-08","Sérgio Nunes","Invoice Number:PIN000408","PCR000005","0012400000Ue6YMAAZ","Channel Partner / Vendor","003","a3h240000000dpPAAQ","1774.72","0.0","a2l24000000U9vrAAC","2017-03-08T17:39:04.000Z","Invoice Number:PIN000408","22114"
"a3i240000009CC7AAM","2017-03-08","Sérgio Nunes","Invoice Number:PIN000408","PCR000005","0012400000Ue6YMAAZ","Channel Partner / Vendor","003","a3h240000000dpQAAQ","0.0","1442.86","a2l24000000U9y3AAC","2017-03-08T17:39:04.000Z","","311"
"a3i240000009CC7AAM","2017-03-08","Sérgio Nunes","Invoice Number:PIN000408","PCR000005","0012400000Ue6YMAAZ","Channel Partner / Vendor","003","a3h240000000dpRAAQ","0.0","331.86","a2l24000000U9wOAAS","2017-03-08T17:39:04.000Z","CCONT23","2432113"
"a3i240000009CD0AAM","2017-03-08","Sérgio Nunes","Invoice Number:PIN000416","PCR000006","0012400000nuyUIAAY","Channel Partner / Vendor","003","a3h240000000dqIAAQ","2983.66","0.0","a2l24000000U9vrAAC","2017-03-08T17:55:51.000Z","Invoice Number:PIN000416","22114"
"a3i240000009CD0AAM","2017-03-08","Sérgio Nunes","Invoice Number:PIN000416","PCR000006","0012400000nuyUIAAY","Channel Partner / Vendor","003","a3h240000000dqJAAQ","0.0","2425.74","a2l24000000U9y3AAC","2017-03-08T17:55:51.000Z","","311"
"a3i240000009CD0AAM","2017-03-08","Sérgio Nunes","Invoice Number:PIN000416","PCR000006","0012400000nuyUIAAY","Channel Partner / Vendor","003","a3h240000000dqKAAQ","0.0","557.92","a2l24000000U9wOAAS","2017-03-08T17:55:51.000Z","CCONT23","2432113"
"a3i240000009CefAAE","2017-01-31","Sérgio Nunes","Invoice Number:PIN000404","PCR000007","0012400000yBtlXAAS","Channel Partner / Vendor","001","a3h240000000eL4AAI","2693.7","0.0","a2l24000000U9vrAAC","2017-03-10T17:48:11.000Z","Invoice Number:PIN000404","22114"
"a3i240000009CefAAE","2017-01-31","Sérgio Nunes","Invoice Number:PIN000404","PCR000007","0012400000yBtlXAAS","Channel Partner / Vendor","001","a3h240000000eL5AAI","0.0","2190.0","a2l24000000U9yBAAS","2017-03-10T17:48:11.000Z","","3171"
"a3i240000009CefAAE","2017-01-31","Sérgio Nunes","Invoice Number:PIN000404","PCR000007","0012400000yBtlXAAS","Channel Partner / Vendor","001","a3h240000000eL6AAI","0.0","503.7","a2l24000000U9wxAAC","2017-03-10T17:48:11.000Z","REGCCONT23","24342111"
"a3i240000009Cf4AAE","2017-01-31","Sérgio Nunes","Invoice Number:PIN000416","PCR000008","0012400000nuyUIAAY","Channel Partner / Vendor","001","a3h240000000eLTAAY","2983.66","0.0","a2l24000000U9vrAAC","2017-03-10T17:57:07.000Z","Invoice Number:PIN000416","22114"
"a3i240000009Cf4AAE","2017-01-31","Sérgio Nunes","Invoice Number:PIN000416","PCR000008","0012400000nuyUIAAY","Channel Partner / Vendor","001","a3h240000000eLUAAY","0.0","2425.74","a2l24000000U9yBAAS","2017-03-10T17:57:07.000Z","","3171"
"a3i240000009Cf4AAE","2017-01-31","Sérgio Nunes","Invoice Number:PIN000416","PCR000008","0012400000nuyUIAAY","Channel Partner / Vendor","001","a3h240000000eLVAAY","0.0","557.92","a2l24000000U9wxAAC","2017-03-10T17:57:07.000Z","REGCCONT23","24342111"
"a3i240000009CfJAAU","2017-01-31","Sérgio Nunes","Invoice Number:PIN000408","PCR000009","0012400000Ue6YMAAZ","Channel Partner / Vendor","001","a3h240000000eLiAAI","1774.72","0.0","a2l24000000U9vrAAC","2017-03-10T18:03:15.000Z","Invoice Number:PIN000408","22114"
"a3i240000009CfJAAU","2017-01-31","Sérgio Nunes","Invoice Number:PIN000408","PCR000009","0012400000Ue6YMAAZ","Channel Partner / Vendor","001","a3h240000000eLjAAI","0.0","1442.86","a2l24000000U9yBAAS","2017-03-10T18:03:15.000Z","","3171"
"a3i240000009CfJAAU","2017-01-31","Sérgio Nunes","Invoice Number:PIN000408","PCR000009","0012400000Ue6YMAAZ","Channel Partner / Vendor","001","a3h240000000eLkAAI","0.0","331.86","a2l24000000U9wxAAC","2017-03-10T18:03:15.000Z","REGCCONT23","24342111"
"a3i2400000057P6AAI","2017-07-25","Tatiana Abreu","Invoice Number:PIN002415","PCR000060","00124000014Jm7FAAS","Channel Partner / Vendor","007","a3h24000000HgIlAAK","1193.1","0.0","a2l24000000U9vrAAC","2017-08-24T16:44:21.000Z","Invoice Number:PIN002415","22114"
"a3i2400000057P6AAI","2017-07-25","Tatiana Abreu","Invoice Number:PIN002415","PCR000060","00124000014Jm7FAAS","Channel Partner / Vendor","007","a3h24000000HgImAAK","0.0","970.0","a2l24000000U9y3AAC","2017-08-24T16:44:21.000Z","","311"
"a3i2400000057P6AAI","2017-07-25","Tatiana Abreu","Invoice Number:PIN002415","PCR000060","00124000014Jm7FAAS","Channel Partner / Vendor","007","a3h24000000HgInAAK","0.0","223.1","a2l24000000U9wOAAS","2017-08-24T16:44:21.000Z","CCONT23","2432113"
"a3i2400000057PGAAY","2017-08-10","Tatiana Abreu","Invoice Number:PIN002871","PCR000061","0012400000ceh4LAAQ","Channel Partner / Vendor","008","a3h24000000HgIvAAK","22.76","0.0","a2l24000000U9vrAAC","2017-08-24T17:00:22.000Z","Invoice Number:PIN002871","22114"
"a3i2400000057PGAAY","2017-08-10","Tatiana Abreu","Invoice Number:PIN002871","PCR000061","0012400000ceh4LAAQ","Channel Partner / Vendor","008","a3h24000000HgIwAAK","0.0","18.5","a2l24000000UA0IAAW","2017-08-24T17:00:22.000Z","","6225"
"a3i2400000057PGAAY","2017-08-10","Tatiana Abreu","Invoice Number:PIN002871","PCR000061","0012400000ceh4LAAQ","Channel Partner / Vendor","008","a3h24000000HgIxAAK","0.0","4.26","a2l24000000U9wWAAS","2017-08-24T17:00:22.000Z","OBSCONT23","243231"
"a3i2400000057PQAAY","2017-08-24","Tatiana Abreu","Invoice Number:PIN002872","PCR000062","00124000014H9BtAAK","Channel Partner / Vendor","008","a3h24000000HgJ5AAK","2659.9","0.0","a2l24000000U9vrAAC","2017-08-24T17:10:44.000Z","Invoice Number:PIN002872","22114"
"a3i2400000057PQAAY","2017-08-24","Tatiana Abreu","Invoice Number:PIN002872","PCR000062","00124000014H9BtAAK","Channel Partner / Vendor","008","a3h24000000HgJ6AAK","0.0","2162.52","a2l24000000U9y3AAC","2017-08-24T17:10:44.000Z","","311"
"a3i2400000057PQAAY","2017-08-24","Tatiana Abreu","Invoice Number:PIN002872","PCR000062","00124000014H9BtAAK","Channel Partner / Vendor","008","a3h24000000HgJ7AAK","0.0","497.38","a2l24000000U9wOAAS","2017-08-24T17:10:44.000Z","CCONT23","2432113"
"a3i24000000UPveAAG","2017-04-14","Célia Pedro","","PCR000013","00124000014JDx8AAG","Service Provider","004","a3h24000000LQHGAA4","56.91","0.0","a2l24000000U9voAAC","2017-05-09T09:18:34.000Z","","22111"
"a3i24000000UPveAAG","2017-04-14","Célia Pedro","","PCR000013","00124000014JDx8AAG","Service Provider","004","a3h24000000LQHHAA4","0.0","56.91","a2l24000000UA16AAG","2017-05-09T09:18:34.000Z","","626333"
"a3i24000000UPveAAG","2017-04-14","Célia Pedro","","PCR000013","00124000014JDx8AAG","Service Provider","004","a3h24000000LQHIAA4","0.0","0.0","a2l24000000ZHXbAAO","2017-05-09T09:18:34.000Z","OBSCONT00","2432110"
"a3i24000000UQuUAAW","2017-05-04","Célia Pedro","ANULACAO FT 9911 03.03  ANULACAO PARCIAL FT 4117 04.04","PCR000014","0012400000qP8CAAA0","Service Provider","005","a3h24000000LSceAAG","81.83","0.0","a2l24000000U9voAAC","2017-05-19T09:25:48.000Z","ANULACAO FT 9911 03.03 
ANULACAO PARCIAL FT 4117 04.04","22111"
"a3i24000000UQuUAAW","2017-05-04","Célia Pedro","ANULACAO FT 9911 03.03  ANULACAO PARCIAL FT 4117 04.04","PCR000014","0012400000qP8CAAA0","Service Provider","005","a3h24000000LScfAAG","0.0","81.83","a2l24000000UA0PAAW","2017-05-19T09:25:48.000Z","","6227"
"a3i24000000UQuUAAW","2017-05-04","Célia Pedro","ANULACAO FT 9911 03.03  ANULACAO PARCIAL FT 4117 04.04","PCR000014","0012400000qP8CAAA0","Service Provider","005","a3h24000000LScgAAG","0.0","0.0","a2l24000000ZHXbAAO","2017-05-19T09:25:48.000Z","OBSCONT00","2432110"
"a3i24000000UQueAAG","2017-05-04","Célia Pedro","ANULAÇAO FT 9909 03.03 E ANULACAO FT 4115 04.04","PCR000015","0012400000qP8CAAA0","Service Provider","005","a3h24000000LScoAAG","4.26","0.0","a2l24000000U9voAAC","2017-05-19T09:38:00.000Z","ANULAÇAO FT 9909 03.03 E ANULACAO FT 4115 04.04","22111"
"a3i24000000UQueAAG","2017-05-04","Célia Pedro","ANULAÇAO FT 9909 03.03 E ANULACAO FT 4115 04.04","PCR000015","0012400000qP8CAAA0","Service Provider","005","a3h24000000LScpAAG","0.0","4.26","a2l24000000UA0PAAW","2017-05-19T09:38:00.000Z","","6227"
"a3i24000000UQueAAG","2017-05-04","Célia Pedro","ANULAÇAO FT 9909 03.03 E ANULACAO FT 4115 04.04","PCR000015","0012400000qP8CAAA0","Service Provider","005","a3h24000000LScqAAG","0.0","0.0","a2l24000000ZHXbAAO","2017-05-19T09:38:00.000Z","OBSCONT00","2432110"
"a3i24000000URZpAAO","2017-05-10","Tatiana Abreu","Invoice Number:PIN001851","PCR000016","0012400000st2RuAAI","Channel Partner / Vendor","005","a3h24000000LTNHAA4","6063.62","0.0","a2l24000000U9vrAAC","2017-05-26T16:04:18.000Z","Invoice Number:PIN001851","22114"
"a3i24000000URZpAAO","2017-05-10","Tatiana Abreu","Invoice Number:PIN001851","PCR000016","0012400000st2RuAAI","Channel Partner / Vendor","005","a3h24000000LTNIAA4","0.0","4929.77","a2l24000000U9y3AAC","2017-05-26T16:04:18.000Z","","311"
"a3i24000000URZpAAO","2017-05-10","Tatiana Abreu","Invoice Number:PIN001851","PCR000016","0012400000st2RuAAI","Channel Partner / Vendor","005","a3h24000000LTNJAA4","0.0","1133.85","a2l24000000U9wOAAS","2017-05-26T16:04:18.000Z","CCONT23","2432113"
"a3i24000000URZzAAO","2017-04-28","Tatiana Abreu","Invoice Number:PIN001852","PCR000017","0012400000YCxYlAAL","Channel Partner / Vendor","004","a3h24000000LTNRAA4","25752.42","0.0","a2l24000000U9vrAAC","2017-05-26T16:28:57.000Z","Invoice Number:PIN001852","22114"
"a3i24000000URZzAAO","2017-04-28","Tatiana Abreu","Invoice Number:PIN001852","PCR000017","0012400000YCxYlAAL","Channel Partner / Vendor","004","a3h24000000LTNSAA4","0.0","20936.93","a2l24000000U9y3AAC","2017-05-26T16:28:57.000Z","","311"
"a3i24000000URZzAAO","2017-04-28","Tatiana Abreu","Invoice Number:PIN001852","PCR000017","0012400000YCxYlAAL","Channel Partner / Vendor","004","a3h24000000LTNTAA4","0.0","4815.49","a2l24000000U9wOAAS","2017-05-26T16:28:57.000Z","CCONT23","2432113"
"a3i24000000URtcAAG","2017-05-30","Célia Pedro","prestação de serviços Bruno Palma_corretiva_abril2017","PCR000018","0012400000VCtEeAAL","Service Provider","005","a3h24000000LTkoAAG","1476.0","0.0","a2l24000000U9voAAC","2017-05-31T09:06:33.000Z","prestação de serviços Bruno
Palma_corretiva_abril2017","22111"
"a3i24000000URtcAAG","2017-05-30","Célia Pedro","prestação de serviços Bruno Palma_corretiva_abril2017","PCR000018","0012400000VCtEeAAL","Service Provider","005","a3h24000000LTkpAAG","0.0","1200.0","a2l24000000UA0DAAW","2017-05-31T09:06:33.000Z","","622103"
"a3i24000000URtcAAG","2017-05-30","Célia Pedro","prestação de serviços Bruno Palma_corretiva_abril2017","PCR000018","0012400000VCtEeAAL","Service Provider","005","a3h24000000LTkqAAG","0.0","276.0","a2l24000000U9wWAAS","2017-05-31T09:06:33.000Z","OBSCONT23","243231"
"a3i24000000UTZIAA4","2017-06-16","Célia Pedro","Devolução caução HO16 - Avença Mensal Escritório / Office Monthly","PCR000019","0012400000ib12EAAQ","Service Provider","006","a3h24000000LXXbAAO","2337.0","0.0","a2l24000000U9voAAC","2017-06-16T10:46:48.000Z","Devolução caução
HO16 - Avença Mensal Escritório / Office Monthly","22111"
"a3i24000000UTZIAA4","2017-06-16","Célia Pedro","Devolução caução HO16 - Avença Mensal Escritório / Office Monthly","PCR000019","0012400000ib12EAAQ","Service Provider","006","a3h24000000LXXcAAO","0.0","2337.0","a2l24000000UA0DAAW","2017-06-16T10:46:48.000Z","","622103"
"a3i24000000UTZIAA4","2017-06-16","Célia Pedro","Devolução caução HO16 - Avença Mensal Escritório / Office Monthly","PCR000019","0012400000ib12EAAQ","Service Provider","006","a3h24000000LXXdAAO","0.0","0.0","a2l24000000ZHXbAAO","2017-06-16T10:46:48.000Z","OBSCONT00","2432110"
"a3i24000000LnYjAAK","2017-09-06","Célia Pedro","Despesas Eduardo - Agosto  FT AUF007/083792","PCR000063","0012400001B8hQTAAZ","Employee","009","a3h24000000DIHXAA4","39.99","0.0","a2l24000000U9vtAAC","2017-09-06T14:22:15.000Z","Despesas Eduardo - Agosto 
FT AUF007/083792","2312"
"a3i24000000LnYjAAK","2017-09-06","Célia Pedro","Despesas Eduardo - Agosto  FT AUF007/083792","PCR000063","0012400001B8hQTAAZ","Employee","009","a3h24000000DIHYAA4","0.0","32.51","a2l24000000UA0SAAW","2017-09-06T14:22:15.000Z","","6233"
"a3i24000000LnYjAAK","2017-09-06","Célia Pedro","Despesas Eduardo - Agosto  FT AUF007/083792","PCR000063","0012400001B8hQTAAZ","Employee","009","a3h24000000DIHZAA4","0.0","7.48","a2l24000000U9wWAAS","2017-09-06T14:22:15.000Z","OBSCONT23","243231"
"a3i24000000M4HHAA0","2017-09-21","Tatiana Abreu","Invoice Number:PIN003159","PCR000066","0012400000zbWnmAAE","Channel Partner / Vendor","009","a3h24000000DvWMAA0","10701.0","0.0","a2l24000000U9vrAAC","2017-09-21T17:00:35.000Z","Invoice Number:PIN003159","22114"
"a3i24000000M4HHAA0","2017-09-21","Tatiana Abreu","Invoice Number:PIN003159","PCR000066","0012400000zbWnmAAE","Channel Partner / Vendor","009","a3h24000000DvWNAA0","0.0","8700.0","a2l24000000U9y3AAC","2017-09-21T17:00:35.000Z","","311"
"a3i24000000M4HHAA0","2017-09-21","Tatiana Abreu","Invoice Number:PIN003159","PCR000066","0012400000zbWnmAAE","Channel Partner / Vendor","009","a3h24000000DvWOAA0","0.0","2001.0","a2l24000000U9wOAAS","2017-09-21T17:00:35.000Z","CCONT23","2432113"
"a3i24000000M4HqAAK","2017-08-25","Tatiana Abreu","Invoice Number:PIN003164","PCR000067","0012400000UeWNdAAN","Channel Partner / Vendor","008","a3h24000000DvWvAAK","1537.5","0.0","a2l24000000U9vrAAC","2017-09-21T17:21:10.000Z","Invoice Number:PIN003164","22114"
"a3i24000000M4HqAAK","2017-08-25","Tatiana Abreu","Invoice Number:PIN003164","PCR000067","0012400000UeWNdAAN","Channel Partner / Vendor","008","a3h24000000DvWwAAK","0.0","1250.0","a2l24000000U9y3AAC","2017-09-21T17:21:10.000Z","","311"
"a3i24000000M4HqAAK","2017-08-25","Tatiana Abreu","Invoice Number:PIN003164","PCR000067","0012400000UeWNdAAN","Channel Partner / Vendor","008","a3h24000000DvWxAAK","0.0","287.5","a2l24000000U9wOAAS","2017-09-21T17:21:10.000Z","CCONT23","2432113"
"a3i24000000M4I0AAK","2017-07-28","Tatiana Abreu","Invoice Number:PIN003165","PCR000068","0012400000VkWjPAAV","Channel Partner / Vendor","007","a3h24000000DvX5AAK","3813.0","0.0","a2l24000000U9vrAAC","2017-09-21T17:24:42.000Z","Invoice Number:PIN003165","22114"
"a3i24000000M4I0AAK","2017-07-28","Tatiana Abreu","Invoice Number:PIN003165","PCR000068","0012400000VkWjPAAV","Channel Partner / Vendor","007","a3h24000000DvX6AAK","0.0","3100.0","a2l24000000U9y3AAC","2017-09-21T17:24:42.000Z","","311"
"a3i24000000M4I0AAK","2017-07-28","Tatiana Abreu","Invoice Number:PIN003165","PCR000068","0012400000VkWjPAAV","Channel Partner / Vendor","007","a3h24000000DvX7AAK","0.0","713.0","a2l24000000U9wOAAS","2017-09-21T17:24:42.000Z","CCONT23","2432113"
"a3i24000000M4YXAA0","2017-09-26","Tatiana Abreu","Invoice Number:PIN003150","PCR000069","0012400000w1CdRAAU","Service Provider","009","a3h24000000DwAbAAK","326.98","0.0","a2l24000000U9voAAC","2017-09-26T10:43:59.000Z","Invoice Number:PIN003150","22111"
"a3i24000000M4YXAA0","2017-09-26","Tatiana Abreu","Invoice Number:PIN003150","PCR000069","0012400000w1CdRAAU","Service Provider","009","a3h24000000DwAcAAK","0.0","265.84","a2l24000000U9yzAAC","2017-09-26T10:43:59.000Z","","433"
"a3i24000000M4YXAA0","2017-09-26","Tatiana Abreu","Invoice Number:PIN003150","PCR000069","0012400000w1CdRAAU","Service Provider","009","a3h24000000DwAdAAK","0.0","61.14","a2l24000000U9wSAAS","2017-09-26T10:43:59.000Z","IMOCONT23","2432211"
"a3i24000000M4d6AAC","2017-09-26","Tatiana Abreu","Invoice Number:PIN002188","PCR000070","00124000013iRAaAAM","Service Provider","009","a3h24000000DwNdAAK","220.05","0.0","a2l24000000U9vpAAC","2017-09-26T14:16:26.000Z","Invoice Number:PIN002188","22112"
"a3i24000000M4d6AAC","2017-09-26","Tatiana Abreu","Invoice Number:PIN002188","PCR000070","00124000013iRAaAAM","Service Provider","009","a3h24000000DwNeAAK","0.0","220.05","a2l24000000U9xrAAC","2017-09-26T14:16:26.000Z","","2819"
"a3i24000000M4d6AAC","2017-09-26","Tatiana Abreu","Invoice Number:PIN002188","PCR000070","00124000013iRAaAAM","Service Provider","009","a3h24000000DwNhAAK","0.0","0.0","a2l24000000ZHXbAAO","2017-09-26T14:16:26.000Z","OBSCONT00","2432110"
"a3i24000000M4d6AAC","2017-09-26","Tatiana Abreu","Invoice Number:PIN002188","PCR000070","00124000013iRAaAAM","Service Provider","009","a3h24000000DwNfAAK","0.0","50.61","a2l24000000U9wnAAC","2017-09-26T14:16:26.000Z","","24341113"
"a3i24000000M4d6AAC","2017-09-26","Tatiana Abreu","Invoice Number:PIN002188","PCR000070","00124000013iRAaAAM","Service Provider","009","a3h24000000DwNgAAK","50.61","0.0","a2l24000000U9wyAAC","2017-09-26T14:16:26.000Z","","24342112"
"a3i240000009CfiAAE","2017-02-20","Sérgio Nunes","Invoice Number:PIN000408","PCR000010","0012400000Ue6YMAAZ","Channel Partner / Vendor","002","a3h240000000eM7AAI","1774.72","0.0","a2l24000000U9vrAAC","2017-03-11T14:47:26.000Z","Invoice Number:PIN000408","22114"
"a3i240000009CfiAAE","2017-02-20","Sérgio Nunes","Invoice Number:PIN000408","PCR000010","0012400000Ue6YMAAZ","Channel Partner / Vendor","002","a3h240000000eM8AAI","0.0","1442.86","a2l24000000U9y3AAC","2017-03-11T14:47:26.000Z","","311"
"a3i240000009CfiAAE","2017-02-20","Sérgio Nunes","Invoice Number:PIN000408","PCR000010","0012400000Ue6YMAAZ","Channel Partner / Vendor","002","a3h240000000eM9AAI","0.0","331.86","a2l24000000U9wOAAS","2017-03-11T14:47:26.000Z","CCONT23","2432113"
"a3i24000000M5A6AAK","2017-08-31","Célia Pedro","GS/16083 - CI","PCR000072","0012400000Ue6YMAAZ","Channel Partner / Vendor","008","a3h24000000DxUMAA0","1774.72","0.0","a2l24000000U9vrAAC","2017-09-29T16:15:25.000Z","GS/16083 - CI","22114"
"a3i24000000M5A6AAK","2017-08-31","Célia Pedro","GS/16083 - CI","PCR000072","0012400000Ue6YMAAZ","Channel Partner / Vendor","008","a3h24000000DxUNAA0","0.0","1442.86","a2l24000000U9yBAAS","2017-09-29T16:15:25.000Z","","3171"
"a3i24000000M5lVAAS","2017-08-31","Célia Pedro","Invoice Number:PIN000416 - CI","PCR000074","0012400000nuyUIAAY","Channel Partner / Vendor","008","a3h24000000DyWtAAK","2983.66","0.0","a2l24000000U9vrAAC","2017-10-03T11:14:54.000Z","Invoice Number:PIN000416 - CI","22114"
"a3i24000000M7rTAAS","2017-10-16","Tatiana Abreu","Invoice Number:PIN003052","PCR000075","0012400000l9ZhUAAU","Channel Partner / Vendor","010","a3h24000000E37KAAS","1699.4","0.0","a2l24000000U9vrAAC","2017-10-16T11:36:21.000Z","Invoice Number:PIN003052","22114"
"a3i24000000M7rTAAS","2017-10-16","Tatiana Abreu","Invoice Number:PIN003052","PCR000075","0012400000l9ZhUAAU","Channel Partner / Vendor","010","a3h24000000E37LAAS","0.0","1381.63","a2l24000000U9y3AAC","2017-10-16T11:36:21.000Z","","311"
"a3i24000000M7rTAAS","2017-10-16","Tatiana Abreu","Invoice Number:PIN003052","PCR000075","0012400000l9ZhUAAU","Channel Partner / Vendor","010","a3h24000000E37MAAS","0.0","317.77","a2l24000000U9wOAAS","2017-10-16T11:36:21.000Z","CCONT23","2432113"
"a3i24000000M8G6AAK","2017-10-19","Tatiana Abreu","Invoice Number:PIN003234","PCR000076","0012400000eB0lLAAS","Channel Partner / Vendor","010","a3h24000000E3m5AAC","18013.97","0.0","a2l24000000U9vrAAC","2017-10-19T16:15:06.000Z","Invoice Number:PIN003234","22114"
"a3i24000000M8G6AAK","2017-10-19","Tatiana Abreu","Invoice Number:PIN003234","PCR000076","0012400000eB0lLAAS","Channel Partner / Vendor","010","a3h24000000E3m6AAC","0.0","14645.5","a2l24000000U9y3AAC","2017-10-19T16:15:06.000Z","","311"
"a3i24000000M8G6AAK","2017-10-19","Tatiana Abreu","Invoice Number:PIN003234","PCR000076","0012400000eB0lLAAS","Channel Partner / Vendor","010","a3h24000000E3m7AAC","0.0","3368.47","a2l24000000U9wOAAS","2017-10-19T16:15:06.000Z","CCONT23","2432113"
"a3i24000000M8WmAAK","2017-09-08","Célia Pedro","","PCR000077","0012400001NCFhnAAH","Service Provider","009","a3h24000000E4BXAA0","336.24","0.0","a2l24000000U9voAAC","2017-10-23T14:03:11.000Z","","22111"
"a3i24000000M8WmAAK","2017-09-08","Célia Pedro","","PCR000077","0012400001NCFhnAAH","Service Provider","009","a3h24000000E4BYAA0","0.0","137.7","a2l24000000UA0eAAG","2017-10-23T14:03:11.000Z","","6243"
"a3i24000000M8WmAAK","2017-09-08","Célia Pedro","","PCR000077","0012400001NCFhnAAH","Service Provider","009","a3h24000000E4BZAA0","0.0","190.28","a2l24000000UA0eAAG","2017-10-23T14:03:11.000Z","","6243"
"a3i24000000M8WmAAK","2017-09-08","Célia Pedro","","PCR000077","0012400001NCFhnAAH","Service Provider","009","a3h24000000E4BaAAK","0.0","8.26","a2l24000000mQpRAAU","2017-10-23T14:03:11.000Z","OBSCONT06","2432311"
"a3i24000000M8WmAAK","2017-09-08","Célia Pedro","","PCR000077","0012400001NCFhnAAH","Service Provider","009","a3h24000000E4BbAAK","0.0","0.0","a2l24000000ZHXbAAO","2017-10-23T14:03:11.000Z","OBSCONT00","2432110"
"a3i24000000M8YnAAK","2017-10-23","Célia Pedro","Invoice Number:PIN003539","PCR000078","0012400000aSoTtAAK","Channel Partner / Vendor","010","a3h24000000E4DzAAK","2214.0","0.0","a2l24000000U9vrAAC","2017-10-23T15:40:18.000Z","Invoice Number:PIN003539","22114"
"a3i24000000M8YnAAK","2017-10-23","Célia Pedro","Invoice Number:PIN003539","PCR000078","0012400000aSoTtAAK","Channel Partner / Vendor","010","a3h24000000E4E0AAK","0.0","1800.0","a2l24000000U9y3AAC","2017-10-23T15:40:18.000Z","","311"
"a3i24000000M8YnAAK","2017-10-23","Célia Pedro","Invoice Number:PIN003539","PCR000078","0012400000aSoTtAAK","Channel Partner / Vendor","010","a3h24000000E4E1AAK","0.0","414.0","a2l24000000U9wOAAS","2017-10-23T15:40:18.000Z","CCONT23","2432113"
"a3i24000000M8YxAAK","2017-10-23","Célia Pedro","Invoice Number:PIN003540","PCR000079","0012400000aSoTtAAK","Channel Partner / Vendor","010","a3h24000000E4E9AAK","3271.8","0.0","a2l24000000U9vrAAC","2017-10-23T15:59:10.000Z","Invoice Number:PIN003540","22114"
"a3i24000000M8YxAAK","2017-10-23","Célia Pedro","Invoice Number:PIN003540","PCR000079","0012400000aSoTtAAK","Channel Partner / Vendor","010","a3h24000000E4EAAA0","0.0","2660.0","a2l24000000U9y3AAC","2017-10-23T15:59:10.000Z","","311"
"a3i24000000M8YxAAK","2017-10-23","Célia Pedro","Invoice Number:PIN003540","PCR000079","0012400000aSoTtAAK","Channel Partner / Vendor","010","a3h24000000E4EBAA0","0.0","611.8","a2l24000000U9wOAAS","2017-10-23T15:59:10.000Z","CCONT23","2432113"
"a3i24000000M8ZHAA0","2017-10-23","Célia Pedro","Invoice Number:PIN003541","PCR000080","0012400000aSoTtAAK","Channel Partner / Vendor","010","a3h24000000E4EjAAK","3676.47","0.0","a2l24000000U9vrAAC","2017-10-23T16:04:48.000Z","Invoice Number:PIN003541","22114"
"a3i24000000M8ZHAA0","2017-10-23","Célia Pedro","Invoice Number:PIN003541","PCR000080","0012400000aSoTtAAK","Channel Partner / Vendor","010","a3h24000000E4EkAAK","0.0","2989.0","a2l24000000U9y3AAC","2017-10-23T16:04:48.000Z","","311"
"a3i24000000M8ZHAA0","2017-10-23","Célia Pedro","Invoice Number:PIN003541","PCR000080","0012400000aSoTtAAK","Channel Partner / Vendor","010","a3h24000000E4ElAAK","0.0","687.47","a2l24000000U9wOAAS","2017-10-23T16:04:48.000Z","CCONT23","2432113"
"a3i24000000MJUFAA4","2017-11-13","Tatiana Abreu","Invoice Number:PIN003609","PCR000081","0012400000YCxmsAAD","Channel Partner / Vendor","011","a3h24000000EQFZAA4","2946.64","0.0","a2l24000000U9vrAAC","2017-11-15T09:10:21.000Z","Invoice Number:PIN003609","22114"
"a3i24000000MJUFAA4","2017-11-13","Tatiana Abreu","Invoice Number:PIN003609","PCR000081","0012400000YCxmsAAD","Channel Partner / Vendor","011","a3h24000000EQFaAAO","0.0","2395.64","a2l24000000U9y3AAC","2017-11-15T09:10:21.000Z","","311"
"a3i24000000MJUFAA4","2017-11-13","Tatiana Abreu","Invoice Number:PIN003609","PCR000081","0012400000YCxmsAAD","Channel Partner / Vendor","011","a3h24000000EQFbAAO","0.0","551.0","a2l24000000U9wOAAS","2017-11-15T09:10:21.000Z","CCONT23","2432113"
"a3i24000000MKaJAAW","2017-11-23","Célia Pedro","Invoice Number:PIN003793","PCR000082","0012400000esIpzAAE","Channel Partner / Vendor","011","a3h24000000ESSdAAO","1476.07","0.0","a2l24000000U9vrAAC","2017-11-23T12:51:14.000Z","Invoice Number:PIN003793","22114"
"a3i24000000MKaJAAW","2017-11-23","Célia Pedro","Invoice Number:PIN003793","PCR000082","0012400000esIpzAAE","Channel Partner / Vendor","011","a3h24000000ESSeAAO","0.0","1200.06","a2l24000000U9y3AAC","2017-11-23T12:51:14.000Z","","311"
"a3i24000000MKaJAAW","2017-11-23","Célia Pedro","Invoice Number:PIN003793","PCR000082","0012400000esIpzAAE","Channel Partner / Vendor","011","a3h24000000ESSfAAO","0.0","276.01","a2l24000000U9wOAAS","2017-11-23T12:51:14.000Z","CCONT23","2432113"
"a3i24000000MKanAAG","2017-11-23","Célia Pedro","Invoice Number:PIN003795","PCR000083","0012400000WnTrJAAV","Channel Partner / Vendor","011","a3h24000000ESTOAA4","3038.47","0.0","a2l24000000U9vrAAC","2017-11-23T12:55:24.000Z","Invoice Number:PIN003795","22114"
"a3i24000000MKanAAG","2017-11-23","Célia Pedro","Invoice Number:PIN003795","PCR000083","0012400000WnTrJAAV","Channel Partner / Vendor","011","a3h24000000ESTPAA4","0.0","2470.3","a2l24000000U9y3AAC","2017-11-23T12:55:24.000Z","","311"
"a3i24000000MKanAAG","2017-11-23","Célia Pedro","Invoice Number:PIN003795","PCR000083","0012400000WnTrJAAV","Channel Partner / Vendor","011","a3h24000000ESTQAA4","0.0","568.17","a2l24000000U9wOAAS","2017-11-23T12:55:24.000Z","CCONT23","2432113"
"a3i24000000MKe3AAG","2017-11-23","Célia Pedro","Invoice Number:PIN003802","PCR000084","0012400000Uey5MAAR","Channel Partner / Vendor","011","a3h24000000ESbUAAW","1931.1","0.0","a2l24000000U9vrAAC","2017-11-23T15:14:26.000Z","Invoice Number:PIN003802","22114"
"a3i24000000MKe3AAG","2017-11-23","Célia Pedro","Invoice Number:PIN003802","PCR000084","0012400000Uey5MAAR","Channel Partner / Vendor","011","a3h24000000ESbVAAW","0.0","1570.0","a2l24000000U9y3AAC","2017-11-23T15:14:26.000Z","","311"
"a3i24000000MKe3AAG","2017-11-23","Célia Pedro","Invoice Number:PIN003802","PCR000084","0012400000Uey5MAAR","Channel Partner / Vendor","011","a3h24000000ESbWAAW","0.0","361.1","a2l24000000U9wOAAS","2017-11-23T15:14:26.000Z","CCONT23","2432113"
"a3i24000000ML21AAG","2017-11-27","Tatiana Abreu","Invoice Number:PIN003819","PCR000085","0012400000Z4P9gAAF","Channel Partner / Vendor","011","a3h24000000ETbBAAW","30169.6","0.0","a2l24000000U9vrAAC","2017-11-28T10:46:57.000Z","Invoice Number:PIN003819","22114"
"a3i24000000ML21AAG","2017-11-27","Tatiana Abreu","Invoice Number:PIN003819","PCR000085","0012400000Z4P9gAAF","Channel Partner / Vendor","011","a3h24000000ETbCAAW","0.0","24528.13","a2l24000000U9y3AAC","2017-11-28T10:46:57.000Z","","311"
"a3i24000000ML21AAG","2017-11-27","Tatiana Abreu","Invoice Number:PIN003819","PCR000085","0012400000Z4P9gAAF","Channel Partner / Vendor","011","a3h24000000ETbDAAW","0.0","5641.47","a2l24000000U9wOAAS","2017-11-28T10:46:57.000Z","CCONT23","2432113"
"a3i24000000ML9TAAW","2017-11-28","Tatiana Abreu","Invoice Number:PIN003830","PCR000086","0012400000Uey5MAAR","Channel Partner / Vendor","011","a3h24000000ETsoAAG","25265.15","0.0","a2l24000000U9vrAAC","2017-11-28T17:43:26.000Z","Invoice Number:PIN003830","22114"
"a3i24000000ML9TAAW","2017-11-28","Tatiana Abreu","Invoice Number:PIN003830","PCR000086","0012400000Uey5MAAR","Channel Partner / Vendor","011","a3h24000000ETspAAG","0.0","20540.77","a2l24000000U9y3AAC","2017-11-28T17:43:26.000Z","","311"
"a3i24000000ML9TAAW","2017-11-28","Tatiana Abreu","Invoice Number:PIN003830","PCR000086","0012400000Uey5MAAR","Channel Partner / Vendor","011","a3h24000000ETsqAAG","0.0","4724.38","a2l24000000U9wOAAS","2017-11-28T17:43:26.000Z","CCONT23","2432113"
"a3i24000000ML9dAAG","2017-11-28","Tatiana Abreu","Invoice Number:PIN003831","PCR000087","0012400000Uey5MAAR","Channel Partner / Vendor","011","a3h24000000ETsyAAG","26167.36","0.0","a2l24000000U9vrAAC","2017-11-28T17:50:07.000Z","Invoice Number:PIN003831","22114"
"a3i24000000ML9dAAG","2017-11-28","Tatiana Abreu","Invoice Number:PIN003831","PCR000087","0012400000Uey5MAAR","Channel Partner / Vendor","011","a3h24000000ETszAAG","0.0","21274.28","a2l24000000U9y3AAC","2017-11-28T17:50:07.000Z","","311"
"a3i24000000ML9dAAG","2017-11-28","Tatiana Abreu","Invoice Number:PIN003831","PCR000087","0012400000Uey5MAAR","Channel Partner / Vendor","011","a3h24000000ETt0AAG","0.0","4893.08","a2l24000000U9wOAAS","2017-11-28T17:50:07.000Z","CCONT23","2432113"
"a3i24000000DKy6AAG","2017-07-17","Tatiana Abreu","Invoice Number:PIN002411","PCR000055","0012400001GG5G9AAL","Channel Partner / Vendor","007","a3h240000005B2AAAU","3075.0","0.0","a2l24000000U9vrAAC","2017-07-18T14:23:13.000Z","Invoice Number:PIN002411","22114"
"a3i24000000DKy6AAG","2017-07-17","Tatiana Abreu","Invoice Number:PIN002411","PCR000055","0012400001GG5G9AAL","Channel Partner / Vendor","007","a3h240000005B2BAAU","0.0","2500.0","a2l24000000U9y3AAC","2017-07-18T14:23:13.000Z","","311"
"a3i24000000DKy6AAG","2017-07-17","Tatiana Abreu","Invoice Number:PIN002411","PCR000055","0012400001GG5G9AAL","Channel Partner / Vendor","007","a3h240000005B2CAAU","0.0","575.0","a2l24000000U9wOAAS","2017-07-18T14:23:13.000Z","CCONT23","2432113"
"a3i24000000DKzEAAW","2017-07-18","Tatiana Abreu","Invoice Number:PIN002421","PCR000057","0012400001BbJd0AAF","Channel Partner / Vendor","007","a3h240000005B3WAAU","9188.1","0.0","a2l24000000U9vrAAC","2017-07-18T16:49:04.000Z","Invoice Number:PIN002421","22114"
"a3i24000000DKzEAAW","2017-07-18","Tatiana Abreu","Invoice Number:PIN002421","PCR000057","0012400001BbJd0AAF","Channel Partner / Vendor","007","a3h240000005B3XAAU","0.0","7470.0","a2l24000000U9y3AAC","2017-07-18T16:49:04.000Z","","311"
"a3i24000000DKzEAAW","2017-07-18","Tatiana Abreu","Invoice Number:PIN002421","PCR000057","0012400001BbJd0AAF","Channel Partner / Vendor","007","a3h240000005B3YAAU","0.0","1718.1","a2l24000000U9wOAAS","2017-07-18T16:49:04.000Z","CCONT23","2432113"
"a3i24000000DKzJAAW","2017-07-18","Tatiana Abreu","Invoice Number:PIN002422","PCR000058","0012400001BbJd0AAF","Channel Partner / Vendor","007","a3h240000005B3bAAE","9191.18","0.0","a2l24000000U9vrAAC","2017-07-18T16:49:38.000Z","Invoice Number:PIN002422","22114"
"a3i24000000DKzJAAW","2017-07-18","Tatiana Abreu","Invoice Number:PIN002422","PCR000058","0012400001BbJd0AAF","Channel Partner / Vendor","007","a3h240000005B3cAAE","0.0","7472.5","a2l24000000U9y3AAC","2017-07-18T16:49:38.000Z","","311"
"a3i24000000DKzJAAW","2017-07-18","Tatiana Abreu","Invoice Number:PIN002422","PCR000058","0012400001BbJd0AAF","Channel Partner / Vendor","007","a3h240000005B3dAAE","0.0","1718.68","a2l24000000U9wOAAS","2017-07-18T16:49:38.000Z","CCONT23","2432113"
"a3i24000000DPgkAAG","2017-08-02","Célia Pedro","EQUIPAMENTO COPA","PCR000059","0012400001HZlhYAAT","Service Provider","008","a3h240000005IcpAAE","154.92","0.0","a2l24000000U9voAAC","2017-08-02T13:44:00.000Z","EQUIPAMENTO COPA","22111"
"a3i24000000DPgkAAG","2017-08-02","Célia Pedro","EQUIPAMENTO COPA","PCR000059","0012400001HZlhYAAT","Service Provider","008","a3h240000005IcqAAE","0.0","154.92","a2l24000000UA1GAAW","2017-08-02T13:44:00.000Z","","6267"
"a3i24000000DPgkAAG","2017-08-02","Célia Pedro","EQUIPAMENTO COPA","PCR000059","0012400001HZlhYAAT","Service Provider","008","a3h240000005IcrAAE","0.0","0.0","a2l24000000ZHXbAAO","2017-08-02T13:44:00.000Z","OBSCONT00","2432110"
"a3i24000000M5A6AAK","2017-08-31","Célia Pedro","GS/16083 - CI","PCR000072","0012400000Ue6YMAAZ","Channel Partner / Vendor","008","a3h24000000DxUOAA0","0.0","331.86","a2l24000000U9wiAAC","2017-09-29T16:15:25.000Z","VCONT23","2433313"
"a3i24000000M5kmAAC","2017-08-31","Célia Pedro","Invoice Number:PIN003165 - CI","PCR000073","0012400000VkWjPAAV","Channel Partner / Vendor","008","a3h24000000DyW5AAK","3813.0","0.0","a2l24000000U9vrAAC","2017-10-03T10:22:29.000Z","Invoice Number:PIN003165 - CI","22114"
"a3i24000000M5kmAAC","2017-08-31","Célia Pedro","Invoice Number:PIN003165 - CI","PCR000073","0012400000VkWjPAAV","Channel Partner / Vendor","008","a3h24000000DyW6AAK","0.0","3100.0","a2l24000000U9y3AAC","2017-10-03T10:22:29.000Z","","311"
"a3i24000000M5kmAAC","2017-08-31","Célia Pedro","Invoice Number:PIN003165 - CI","PCR000073","0012400000VkWjPAAV","Channel Partner / Vendor","008","a3h24000000DyW7AAK","0.0","713.0","a2l24000000U9wOAAS","2017-10-03T10:22:29.000Z","CCONT23","2432113"
"a3i24000000M5lVAAS","2017-08-31","Célia Pedro","Invoice Number:PIN000416 - CI","PCR000074","0012400000nuyUIAAY","Channel Partner / Vendor","008","a3h24000000DyWuAAK","0.0","2425.74","a2l24000000U9y3AAC","2017-10-03T11:14:54.000Z","","311"
"a3i24000000M5lVAAS","2017-08-31","Célia Pedro","Invoice Number:PIN000416 - CI","PCR000074","0012400000nuyUIAAY","Channel Partner / Vendor","008","a3h24000000DyWvAAK","0.0","557.92","a2l24000000U9wOAAS","2017-10-03T11:14:54.000Z","CCONT23","2432113"
"a3i24000000DKyzAAG","2017-06-06","Tatiana Abreu","Invoice Number:PIN002420","PCR000056","0012400000st2RuAAI","Channel Partner / Vendor","006","a3h240000005B3HAAU","4249.65","0.0","a2l24000000U9vrAAC","2017-07-18T16:34:45.000Z","Invoice Number:PIN002420","22114"
"a3i24000000DKyzAAG","2017-06-06","Tatiana Abreu","Invoice Number:PIN002420","PCR000056","0012400000st2RuAAI","Channel Partner / Vendor","006","a3h240000005B3IAAU","0.0","3455.0","a2l24000000U9y3AAC","2017-07-18T16:34:45.000Z","","311"
"a3i24000000DKyzAAG","2017-06-06","Tatiana Abreu","Invoice Number:PIN002420","PCR000056","0012400000st2RuAAI","Channel Partner / Vendor","006","a3h240000005B3JAAU","0.0","794.65","a2l24000000U9wOAAS","2017-07-18T16:34:45.000Z","CCONT23","2432113"
