"Id","TLDebit__c","TLCredit__c","c2g__GeneralLedgerAccount__c","CreatedDate","c2g__LineDescription__c","c2g__GeneralLedgerAccount__r.c2g__ReportingCode__c","c2g__Transaction__r.Id","c2g__Transaction__r.c2g__TransactionDate__c","c2g__Transaction__r.CreatedBy.Name","c2g__Transaction__r.c2g__DocumentDescription__c","c2g__Transaction__r.c2g__DocumentNumber__c","c2g__Transaction__r.c2g__Account__c","c2g__Transaction__r.c2g__Account__r.Type","c2g__Transaction__r.c2g__Period__r.c2g__PeriodNumber__c","c2g__Transaction__r.c2g__SalesInvoice__c"
"a3h1o000000cL74AAE","146.41","0.0","a2l24000000UA1eAAG","2018-01-09T15:26:01.000Z","MI Val.Liq + Tx Soc. E.","63511","a3i1o000000bvP7AAI","2017-11-21","Célia Pedro","Salários - 2017/011","JNL094115","","","011",""
"a3h1o000000cL75AAE","0.0","146.41","a2l24000000U9xFAAS","2018-01-09T15:26:01.000Z","-(MI Val.Liq + Tx Soc. E.)","2451","a3i1o000000bvP7AAI","2017-11-21","Célia Pedro","Salários - 2017/011","JNL094115","","","011",""
"a3h1o000000cL76AAE","20328.78","0.0","a2l24000000UA1RAAW","2018-01-09T15:26:01.000Z","MI Val. Iliquid S1 Vencimento","63201","a3i1o000000bvP7AAI","2017-11-21","Célia Pedro","Salários - 2017/011","JNL094115","","","011",""
"a3h1o000000cL77AAE","1708.0","0.0","a2l24000000UA1UAAW","2018-01-09T15:26:01.000Z","MI Val. Iliquid S30 Sub almoço","63204","a3i1o000000bvP7AAI","2017-11-21","Célia Pedro","Salários - 2017/011","JNL094115","","","011",""
"a3h1o000000cL78AAE","847.02","0.0","a2l24000000U9xaAAC","2018-01-09T15:26:01.000Z","MI Val. Iliquid S75","2722203","a3i1o000000bvP7AAI","2017-11-21","Célia Pedro","Salários - 2017/011","JNL094115","","","011",""
"a3h1o000000cL79AAE","7643.13","0.0","a2l24000000U9xYAAS","2018-01-09T15:26:01.000Z","MI Val. Iliquid S76","2722201","a3i1o000000bvP7AAI","2017-11-21","Célia Pedro","Salários - 2017/011","JNL094115","","","011",""
"a3h1o000000cL7AAAU","0.0","7661.67","a2l24000000U9w4AAC","2018-01-09T15:26:01.000Z","-(MI TG Valor IRS + S105 +S108 + S109)","2421","a3i1o000000bvP7AAI","2017-11-21","Célia Pedro","Salários - 2017/011","JNL094115","","","011",""
"a3h1o000000cL7BAAU","0.0","3487.65","a2l24000000U9xFAAS","2018-01-09T15:26:01.000Z","-(MI TS Taxa Soc. N)","2451","a3i1o000000bvP7AAI","2017-11-21","Célia Pedro","Salários - 2017/011","JNL094115","","","011",""
"a3h1o000000cL7CAAU","0.0","1708.83","a2l24000000U9vtAAC","2018-01-09T15:26:01.000Z","-(MTB Transferência ao colaborador)","2312","a3i1o000000bvP7AAI","2017-11-21","Célia Pedro","Salários - 2017/011","JNL094115","","","011",""
"a3h1o000000cL7DAAU","0.0","1708.83","a2l24000000U9vtAAC","2018-01-09T15:26:01.000Z","-(MTB Transferência ao colaborador)","2312","a3i1o000000bvP7AAI","2017-11-21","Célia Pedro","Salários - 2017/011","JNL094115","","","011",""
"a3h1o000000cL7EAAU","0.0","2868.55","a2l24000000U9vtAAC","2018-01-09T15:26:01.000Z","-(MTB Transferência ao colaborador)","2312","a3i1o000000bvP7AAI","2017-11-21","Célia Pedro","Salários - 2017/011","JNL094115","","","011",""
"a3h1o000000cL7FAAU","0.0","3003.42","a2l24000000U9vtAAC","2018-01-09T15:26:01.000Z","-(MTB Transferência ao colaborador)","2312","a3i1o000000bvP7AAI","2017-11-21","Célia Pedro","Salários - 2017/011","JNL094115","","","011",""
"a3h1o000000cL7GAAU","0.0","1505.75","a2l24000000U9vtAAC","2018-01-09T15:26:01.000Z","-(MTB Transferência ao colaborador)","2312","a3i1o000000bvP7AAI","2017-11-21","Célia Pedro","Salários - 2017/011","JNL094115","","","011",""
"a3h1o000000cL7HAAU","0.0","1864.74","a2l24000000U9vtAAC","2018-01-09T15:26:01.000Z","-(MTB Transferência ao colaborador)","2312","a3i1o000000bvP7AAI","2017-11-21","Célia Pedro","Salários - 2017/011","JNL094115","","","011",""
"a3h1o000000cL7IAAU","0.0","1661.97","a2l24000000U9vtAAC","2018-01-09T15:26:01.000Z","-(MTB Transferência ao colaborador)","2312","a3i1o000000bvP7AAI","2017-11-21","Célia Pedro","Salários - 2017/011","JNL094115","","","011",""
"a3h1o000000cL7JAAU","0.0","1256.11","a2l24000000U9vtAAC","2018-01-09T15:26:01.000Z","-(MTB Transferência ao colaborador)","2312","a3i1o000000bvP7AAI","2017-11-21","Célia Pedro","Salários - 2017/011","JNL094115","","","011",""
"a3h1o000000cL7KAAU","0.0","1819.17","a2l24000000U9vtAAC","2018-01-09T15:26:01.000Z","-(MTB Transferência ao colaborador)","2312","a3i1o000000bvP7AAI","2017-11-21","Célia Pedro","Salários - 2017/011","JNL094115","","","011",""
"a3h1o000000cL7LAAU","188.05","0.0","a2l24000000U9yjAAC","2018-01-09T15:26:01.000Z","MI TG F.C.T","415401","a3i1o000000bvP7AAI","2017-11-21","Célia Pedro","Salários - 2017/011","JNL094115","","","011",""
"a3h1o000000cL7MAAU","15.23","0.0","a2l24000000UA1gAAG","2018-01-09T15:26:01.000Z","MI TG FGCT","63513","a3i1o000000bvP7AAI","2017-11-21","Célia Pedro","Salários - 2017/011","JNL094115","","","011",""
"a3h1o000000cL7NAAU","0.0","203.28","a2l24000000U9xHAAS","2018-01-09T15:26:01.000Z","-(MI TG F.C.T + MI TG FGCT)","248","a3i1o000000bvP7AAI","2017-11-21","Célia Pedro","Salários - 2017/011","JNL094115","","","011",""
"a3h1o000000cL7OAAU","201.17","0.0","a2l24000000U9xbAAC","2018-01-09T15:26:01.000Z","(2722203*0,2375)","2722204","a3i1o000000bvP7AAI","2017-11-21","Célia Pedro","Salários - 2017/011","JNL094115","","","011",""
"a3h1o000000cL7PAAU","1815.24","0.0","a2l24000000U9xZAAS","2018-01-09T15:26:01.000Z","(2722201*0,2375)","2722202","a3i1o000000bvP7AAI","2017-11-21","Célia Pedro","Salários - 2017/011","JNL094115","","","011",""
"a3h1o000000cL7QAAU","5513.77","0.0","a2l24000000UA1fAAG","2018-01-09T15:26:01.000Z","(2722204+2722202+2451)*-1","63512","a3i1o000000bvP7AAI","2017-11-21","Célia Pedro","Salários - 2017/011","JNL094115","","","011",""
"a3h1o000000cL7RAAU","0.0","7530.18","a2l24000000U9xFAAS","2018-01-09T15:26:01.000Z","-(MI TS Tx Soc E.)","2451","a3i1o000000bvP7AAI","2017-11-21","Célia Pedro","Salários - 2017/011","JNL094115","","","011",""
"a3h1o000000cL7SAAU","0.0","1475.25","a2l24000000U9vtAAC","2018-01-09T15:26:01.000Z","-(MTB Transferência ao colaborador)","2312","a3i1o000000bvP7AAI","2017-11-21","Célia Pedro","Salários - 2017/011","JNL094115","","","011",""
"a3h1o000000cL7TAAU","0.0","1787.25","a2l24000000U9vtAAC","2018-01-09T15:26:01.000Z","-(MTB Transferência ao colaborador)","2312","a3i1o000000bvP7AAI","2017-11-21","Célia Pedro","Salários - 2017/011","JNL094115","","","011",""
"a3h1o000000cL7UAAU","0.0","1466.43","a2l24000000U9vtAAC","2018-01-09T15:26:01.000Z","-(MTB Transferência ao colaborador)","2312","a3i1o000000bvP7AAI","2017-11-21","Célia Pedro","Salários - 2017/011","JNL094115","","","011",""
"a3h1o000000cL7VAAU","2748.69","0.0","a2l24000000UA1YAAW","2018-01-09T15:26:01.000Z","","63208","a3i1o000000bvP7AAI","2017-11-21","Célia Pedro","Salários - 2017/011","JNL094115","","","011",""
"a3h1o000000cKHkAAM","146.41","0.0","a2l24000000UA1eAAG","2018-01-08T17:50:08.000Z","MI Val.Liq + Tx Soc. E.","63511","a3i1o000000bv7NAAQ","2017-12-23","Célia Pedro","Salários - 2017/012","JNL113470","","","012",""
"a3h1o000000cKHlAAM","0.0","146.41","a2l24000000U9xFAAS","2018-01-08T17:50:08.000Z","-(MI Val.Liq + Tx Soc. E.)","2451","a3i1o000000bv7NAAQ","2017-12-23","Célia Pedro","Salários - 2017/012","JNL113470","","","012",""
"a3h1o000000cKHmAAM","20328.78","0.0","a2l24000000UA1RAAW","2018-01-08T17:50:08.000Z","MI Val. Iliquid S1 Vencimento","63201","a3i1o000000bv7NAAQ","2017-12-23","Célia Pedro","Salários - 2017/012","JNL113470","","","012",""
"a3h1o000000cKHnAAM","1848.0","0.0","a2l24000000UA1UAAW","2018-01-08T17:50:08.000Z","MI Val. Iliquid S30 Sub almoço","63204","a3i1o000000bv7NAAQ","2017-12-23","Célia Pedro","Salários - 2017/012","JNL113470","","","012",""
"a3h1o000000cKHoAAM","847.02","0.0","a2l24000000U9xaAAC","2018-01-08T17:50:08.000Z","MI Val. Iliquid S75","2722203","a3i1o000000bv7NAAQ","2017-12-23","Célia Pedro","Salários - 2017/012","JNL113470","","","012",""
"a3h1o000000cKHpAAM","847.02","0.0","a2l24000000U9xYAAS","2018-01-08T17:50:08.000Z","MI Val. Iliquid S76","2722201","a3i1o000000bv7NAAQ","2017-12-23","Célia Pedro","Salários - 2017/012","JNL113470","","","012",""
"a3h1o000000cKHqAAM","0.0","4824.0","a2l24000000U9w4AAC","2018-01-08T17:50:08.000Z","-(MI TG Valor IRS + S105 +S108 + S109)","2421","a3i1o000000bv7NAAQ","2017-12-23","Célia Pedro","Salários - 2017/012","JNL113470","","","012",""
"a3h1o000000cKHrAAM","0.0","2494.52","a2l24000000U9xFAAS","2018-01-08T17:50:08.000Z","-(MI TS Taxa Soc. N)","2451","a3i1o000000bv7NAAQ","2017-12-23","Célia Pedro","Salários - 2017/012","JNL113470","","","012",""
"a3h1o000000cKHsAAM","0.0","1208.83","a2l24000000U9vtAAC","2018-01-08T17:50:08.000Z","-(MTB Transferência ao colaborador)","2312","a3i1o000000bv7NAAQ","2017-12-23","Célia Pedro","Salários - 2017/012","JNL113470","","","012",""
"a3h1o000000cKHtAAM","0.0","1208.83","a2l24000000U9vtAAC","2018-01-08T17:50:08.000Z","-(MTB Transferência ao colaborador)","2312","a3i1o000000bv7NAAQ","2017-12-23","Célia Pedro","Salários - 2017/012","JNL113470","","","012",""
"a3h1o000000cKHuAAM","0.0","1280.83","a2l24000000U9vtAAC","2018-01-08T17:50:08.000Z","-(MTB Transferência ao colaborador)","2312","a3i1o000000bv7NAAQ","2017-12-23","Célia Pedro","Salários - 2017/012","JNL113470","","","012",""
"a3h1o000000cKHvAAM","0.0","2183.65","a2l24000000U9vtAAC","2018-01-08T17:50:08.000Z","-(MTB Transferência ao colaborador)","2312","a3i1o000000bv7NAAQ","2017-12-23","Célia Pedro","Salários - 2017/012","JNL113470","","","012",""
"a3h1o000000cKHwAAM","0.0","1083.0","a2l24000000U9vtAAC","2018-01-08T17:50:08.000Z","-(MTB Transferência ao colaborador)","2312","a3i1o000000bv7NAAQ","2017-12-23","Célia Pedro","Salários - 2017/012","JNL113470","","","012",""
"a3h1o000000cKHxAAM","0.0","1436.83","a2l24000000U9vtAAC","2018-01-08T17:50:08.000Z","-(MTB Transferência ao colaborador)","2312","a3i1o000000bv7NAAQ","2017-12-23","Célia Pedro","Salários - 2017/012","JNL113470","","","012",""
"a3h1o000000cKHyAAM","0.0","1290.17","a2l24000000U9vtAAC","2018-01-08T17:50:08.000Z","-(MTB Transferência ao colaborador)","2312","a3i1o000000bv7NAAQ","2017-12-23","Célia Pedro","Salários - 2017/012","JNL113470","","","012",""
"a3h1o000000cKHzAAM","0.0","1016.58","a2l24000000U9vtAAC","2018-01-08T17:50:08.000Z","-(MTB Transferência ao colaborador)","2312","a3i1o000000bv7NAAQ","2017-12-23","Célia Pedro","Salários - 2017/012","JNL113470","","","012",""
"a3h1o000000cKI0AAM","0.0","1557.57","a2l24000000U9vtAAC","2018-01-08T17:50:08.000Z","-(MTB Transferência ao colaborador)","2312","a3i1o000000bv7NAAQ","2017-12-23","Célia Pedro","Salários - 2017/012","JNL113470","","","012",""
"a3h1o000000cKI1AAM","188.05","0.0","a2l24000000U9yjAAC","2018-01-08T17:50:08.000Z","MI TG F.C.T","415401","a3i1o000000bv7NAAQ","2017-12-23","Célia Pedro","Salários - 2017/012","JNL113470","","","012",""
"a3h1o000000cKI2AAM","15.23","0.0","a2l24000000UA1gAAG","2018-01-08T17:50:08.000Z","MI TG FGCT","63513","a3i1o000000bv7NAAQ","2017-12-23","Célia Pedro","Salários - 2017/012","JNL113470","","","012",""
"a3h1o000000cKI3AAM","0.0","203.28","a2l24000000U9xHAAS","2018-01-08T17:50:08.000Z","-(MI TG F.C.T + MI TG FGCT)","248","a3i1o000000bv7NAAQ","2017-12-23","Célia Pedro","Salários - 2017/012","JNL113470","","","012",""
"a3h1o000000cKI4AAM","201.17","0.0","a2l24000000U9xbAAC","2018-01-08T17:50:08.000Z","(2722203*0,2375)","2722204","a3i1o000000bv7NAAQ","2017-12-23","Célia Pedro","Salários - 2017/012","JNL113470","","","012",""
"a3h1o000000cKI5AAM","201.17","0.0","a2l24000000U9xZAAS","2018-01-08T17:50:08.000Z","(2722201*0,2375)","2722202","a3i1o000000bv7NAAQ","2017-12-23","Célia Pedro","Salários - 2017/012","JNL113470","","","012",""
"a3h1o000000cKI6AAM","4983.57","0.0","a2l24000000UA1fAAG","2018-01-08T17:50:08.000Z","(2722204+2722202+2451)*-1","63512","a3i1o000000bv7NAAQ","2017-12-23","Célia Pedro","Salários - 2017/012","JNL113470","","","012",""
"a3h1o000000cKI7AAM","0.0","5385.91","a2l24000000U9xFAAS","2018-01-08T17:50:08.000Z","-(MI TS Tx Soc E.)","2451","a3i1o000000bv7NAAQ","2017-12-23","Célia Pedro","Salários - 2017/012","JNL113470","","","012",""
"a3h1o000000cKI8AAM","0.0","1328.17","a2l24000000U9vtAAC","2018-01-08T17:50:08.000Z","-(MTB Transferência ao colaborador)","2312","a3i1o000000bv7NAAQ","2017-12-23","Célia Pedro","Salários - 2017/012","JNL113470","","","012",""
"a3h1o000000cKI9AAM","0.0","1629.67","a2l24000000U9vtAAC","2018-01-08T17:50:08.000Z","-(MTB Transferência ao colaborador)","2312","a3i1o000000bv7NAAQ","2017-12-23","Célia Pedro","Salários - 2017/012","JNL113470","","","012",""
"a3h1o000000cKIAAA2","0.0","1328.17","a2l24000000U9vtAAC","2018-01-08T17:50:08.000Z","-(MTB Transferência ao colaborador)","2312","a3i1o000000bv7NAAQ","2017-12-23","Célia Pedro","Salários - 2017/012","JNL113470","","","012",""
"a3h24000000Hgs4AAC","146.41","0.0","a2l24000000UA1eAAG","2017-08-28T14:57:39.000Z","MI Val.Liq + Tx Soc. E.","63511","a3i2400000057dPAAQ","2017-06-22","Célia Pedro","Salários - 2017/006","JNL008165","","","006",""
"a3h24000000Hgs5AAC","12699.56","0.0","a2l24000000UA1RAAW","2017-08-28T14:57:39.000Z","MI Val. Iliquid S1 Vencimento","63201","a3i2400000057dPAAQ","2017-06-22","Célia Pedro","Salários - 2017/006","JNL008165","","","006",""
"a3h24000000Hgs6AAC","266.0","0.0","a2l24000000UA1UAAW","2017-08-28T14:57:39.000Z","MI Val. Iliquid S30 Sub almoço","63204","a3i2400000057dPAAQ","2017-06-22","Célia Pedro","Salários - 2017/006","JNL008165","","","006",""
"a3h24000000Hgs7AAC","5697.16","0.0","a2l24000000U9xaAAC","2017-08-28T14:57:39.000Z","MI Val. Iliquid S75 + S77","2722203","a3i2400000057dPAAQ","2017-06-22","Célia Pedro","Salários - 2017/006","JNL008165","","","006",""
"a3h24000000Hgs8AAC","529.15","0.0","a2l24000000U9xYAAS","2017-08-28T14:57:39.000Z","MI Val. Iliquid S76 Duod. Sub natal","2722201","a3i2400000057dPAAQ","2017-06-22","Célia Pedro","Salários - 2017/006","JNL008165","","","006",""
"a3h24000000Hgs9AAC","0.0","2011.42","a2l24000000U9vtAAC","2017-08-28T14:57:39.000Z","MTB Transferência ao colaborador","2312","a3i2400000057dPAAQ","2017-06-22","Célia Pedro","Salários - 2017/006","JNL008165","","","006",""
"a3h24000000HgsAAAS","0.0","1492.92","a2l24000000U9vtAAC","2017-08-28T14:57:39.000Z","MTB Transferência ao colaborador","2312","a3i2400000057dPAAQ","2017-06-22","Célia Pedro","Salários - 2017/006","JNL008165","","","006",""
"a3h24000000HgsBAAS","0.0","1547.92","a2l24000000U9vtAAC","2017-08-28T14:57:39.000Z","MTB Transferência ao colaborador","2312","a3i2400000057dPAAQ","2017-06-22","Célia Pedro","Salários - 2017/006","JNL008165","","","006",""
"a3h24000000HgsCAAS","0.0","2871.38","a2l24000000U9vtAAC","2017-08-28T14:57:39.000Z","MTB Transferência ao colaborador","2312","a3i2400000057dPAAQ","2017-06-22","Célia Pedro","Salários - 2017/006","JNL008165","","","006",""
"a3h24000000HgsDAAS","0.0","1372.95","a2l24000000U9vtAAC","2017-08-28T14:57:39.000Z","MTB Transferência ao colaborador","2312","a3i2400000057dPAAQ","2017-06-22","Célia Pedro","Salários - 2017/006","JNL008165","","","006",""
"a3h24000000HgsEAAS","0.0","1759.97","a2l24000000U9vtAAC","2017-08-28T14:57:39.000Z","MTB Transferência ao colaborador","2312","a3i2400000057dPAAQ","2017-06-22","Célia Pedro","Salários - 2017/006","JNL008165","","","006",""
"a3h24000000HgsFAAS","0.0","1609.01","a2l24000000U9vtAAC","2017-08-28T14:57:39.000Z","MTB Transferência ao colaborador","2312","a3i2400000057dPAAQ","2017-06-22","Célia Pedro","Salários - 2017/006","JNL008165","","","006",""
"a3h24000000HgsGAAS","0.0","1016.58","a2l24000000U9vtAAC","2017-08-28T14:57:39.000Z","MTB Transferência ao colaborador","2312","a3i2400000057dPAAQ","2017-06-22","Célia Pedro","Salários - 2017/006","JNL008165","","","006",""
"a3h24000000HgsHAAS","117.49","0.0","a2l24000000U9yjAAC","2017-08-28T14:57:39.000Z","MI TG F.C.T","415401","a3i2400000057dPAAQ","2017-06-22","Célia Pedro","Salários - 2017/006","JNL008165","","","006",""
"a3h24000000HgsIAAS","9.54","0.0","a2l24000000UA1gAAG","2017-08-28T14:57:39.000Z","MI TG FGCT","63513","a3i2400000057dPAAQ","2017-06-22","Célia Pedro","Salários - 2017/006","JNL008165","","","006",""
"a3h24000000HgsJAAS","1353.05","0.0","a2l24000000U9xbAAC","2017-08-28T14:57:39.000Z","MI S75 Tx. Soc. E. + S77 Tx. Soc. E.","2722204","a3i2400000057dPAAQ","2017-06-22","Célia Pedro","Salários - 2017/006","JNL008165","","","006",""
"a3h24000000HgsKAAS","125.69","0.0","a2l24000000U9xZAAS","2017-08-28T14:57:39.000Z","MI S76 Tx. Soc. E.","2722202","a3i2400000057dPAAQ","2017-06-22","Célia Pedro","Salários - 2017/006","JNL008165","","","006",""
"a3h24000000HgsLAAS","3192.92","0.0","a2l24000000UA1fAAG","2017-08-28T14:57:39.000Z","(2722204+2722202+2451)*-1","63512","a3i2400000057dPAAQ","2017-06-22","Célia Pedro","Salários - 2017/006","JNL008165","","","006",""
"a3h24000000HgsMAAS","650.0","0.0","a2l24000000UA1aAAG","2017-08-28T14:57:39.000Z","MI Val. Iliquid S55 Prémio","63210","a3i2400000057dPAAQ","2017-06-22","Célia Pedro","Salários - 2017/006","JNL008165","","","006",""
"a3h24000000HgsNAAS","0.0","146.41","a2l24000000U9xFAAS","2017-08-28T14:57:39.000Z","MI Val.Liq + Tx Soc. E.","2451","a3i2400000057dPAAQ","2017-06-22","Célia Pedro","Salários - 2017/006","JNL008165","","","006",""
"a3h24000000HgsOAAS","0.0","3996.0","a2l24000000U9w4AAC","2017-08-28T14:57:39.000Z","MI TG Valor IRS + S105 +S108 + S109","2421","a3i2400000057dPAAQ","2017-06-22","Célia Pedro","Salários - 2017/006","JNL008165","","","006",""
"a3h24000000HgsPAAS","0.0","2163.72","a2l24000000U9xFAAS","2017-08-28T14:57:39.000Z","MI TS Taxa Soc. N","2451","a3i2400000057dPAAQ","2017-06-22","Célia Pedro","Salários - 2017/006","JNL008165","","","006",""
"a3h24000000HgsQAAS","0.0","127.03","a2l24000000U9xHAAS","2017-08-28T14:57:39.000Z","(MI TG F.C.T + MI TG FGCT)","248","a3i2400000057dPAAQ","2017-06-22","Célia Pedro","Salários - 2017/006","JNL008165","","","006",""
"a3h24000000HgsRAAS","0.0","4671.66","a2l24000000U9xFAAS","2017-08-28T14:57:39.000Z","MI TS Tx Soc E.","2451","a3i2400000057dPAAQ","2017-06-22","Célia Pedro","Salários - 2017/006","JNL008165","","","006",""
"a3h24000000HgsSAAS","146.41","0.0","a2l24000000UA1eAAG","2017-08-28T16:49:54.000Z","","63511","a3i2400000057dUAAQ","2017-07-24","Célia Pedro","Salários - 2017/007","JNL008164","","","007",""
"a3h24000000HgsTAAS","12699.56","0.0","a2l24000000UA1RAAW","2017-08-28T16:49:54.000Z","","63201","a3i2400000057dUAAQ","2017-07-24","Célia Pedro","Salários - 2017/007","JNL008164","","","007",""
"a3h24000000HgsUAAS","1232.0","0.0","a2l24000000UA1UAAW","2017-08-28T16:49:54.000Z","","63204","a3i2400000057dUAAQ","2017-07-24","Célia Pedro","Salários - 2017/007","JNL008164","","","007",""
"a3h24000000HgsVAAS","529.15","0.0","a2l24000000U9xaAAC","2017-08-28T16:49:54.000Z","","2722203","a3i2400000057dUAAQ","2017-07-24","Célia Pedro","Salários - 2017/007","JNL008164","","","007",""
"a3h24000000HgsWAAS","529.15","0.0","a2l24000000U9xYAAS","2017-08-28T16:49:54.000Z","","2722201","a3i2400000057dUAAQ","2017-07-24","Célia Pedro","Salários - 2017/007","JNL008164","","","007",""
"a3h24000000HgsXAAS","0.0","1233.42","a2l24000000U9vtAAC","2017-08-28T16:49:54.000Z","","2312","a3i2400000057dUAAQ","2017-07-24","Célia Pedro","Salários - 2017/007","JNL008164","","","007",""
"a3h24000000HgsYAAS","0.0","1147.42","a2l24000000U9vtAAC","2017-08-28T16:49:54.000Z","","2312","a3i2400000057dUAAQ","2017-07-24","Célia Pedro","Salários - 2017/007","JNL008164","","","007",""
"a3h24000000HgsZAAS","0.0","1186.42","a2l24000000U9vtAAC","2017-08-28T16:49:54.000Z","","2312","a3i2400000057dUAAQ","2017-07-24","Célia Pedro","Salários - 2017/007","JNL008164","","","007",""
"a3h24000000HgsaAAC","0.0","2140.65","a2l24000000U9vtAAC","2017-08-28T16:49:54.000Z","","2312","a3i2400000057dUAAQ","2017-07-24","Célia Pedro","Salários - 2017/007","JNL008164","","","007",""
"a3h24000000HgsbAAC","0.0","1083.0","a2l24000000U9vtAAC","2017-08-28T16:49:54.000Z","","2312","a3i2400000057dUAAQ","2017-07-24","Célia Pedro","Salários - 2017/007","JNL008164","","","007",""
"a3h24000000HgscAAC","0.0","1436.83","a2l24000000U9vtAAC","2017-08-28T16:49:54.000Z","","2312","a3i2400000057dUAAQ","2017-07-24","Célia Pedro","Salários - 2017/007","JNL008164","","","007",""
"a3h24000000HgsdAAC","0.0","1290.17","a2l24000000U9vtAAC","2017-08-28T16:49:54.000Z","","2312","a3i2400000057dUAAQ","2017-07-24","Célia Pedro","Salários - 2017/007","JNL008164","","","007",""
"a3h24000000HgseAAC","0.0","1016.58","a2l24000000U9vtAAC","2017-08-28T16:49:54.000Z","","2312","a3i2400000057dUAAQ","2017-07-24","Célia Pedro","Salários - 2017/007","JNL008164","","","007",""
"a3h24000000HgsfAAC","117.49","0.0","a2l24000000U9yjAAC","2017-08-28T16:49:54.000Z","","415401","a3i2400000057dUAAQ","2017-07-24","Célia Pedro","Salários - 2017/007","JNL008164","","","007",""
"a3h24000000HgsgAAC","9.54","0.0","a2l24000000UA1gAAG","2017-08-28T16:49:54.000Z","","63513","a3i2400000057dUAAQ","2017-07-24","Célia Pedro","Salários - 2017/007","JNL008164","","","007",""
"a3h24000000HgshAAC","125.68","0.0","a2l24000000U9xbAAC","2017-08-28T16:49:54.000Z","","2722204","a3i2400000057dUAAQ","2017-07-24","Célia Pedro","Salários - 2017/007","JNL008164","","","007",""
"a3h24000000HgsiAAC","125.67","0.0","a2l24000000U9xZAAS","2017-08-28T16:49:54.000Z","","2722202","a3i2400000057dUAAQ","2017-07-24","Célia Pedro","Salários - 2017/007","JNL008164","","","007",""
"a3h24000000HgsjAAC","3119.82","0.0","a2l24000000UA1fAAG","2017-08-28T16:49:54.000Z","","63512","a3i2400000057dUAAQ","2017-07-24","Célia Pedro","Salários - 2017/007","JNL008164","","","007",""
"a3h24000000HgskAAC","0.0","146.41","a2l24000000U9xFAAS","2017-08-28T16:49:54.000Z","","2451","a3i2400000057dUAAQ","2017-07-24","Célia Pedro","Salários - 2017/007","JNL008164","","","007",""
"a3h24000000HgslAAC","0.0","2894.0","a2l24000000U9w4AAC","2017-08-28T16:49:54.000Z","","2421","a3i2400000057dUAAQ","2017-07-24","Célia Pedro","Salários - 2017/007","JNL008164","","","007",""
"a3h24000000HgsmAAC","0.0","1561.37","a2l24000000U9xFAAS","2017-08-28T16:49:54.000Z","","2451","a3i2400000057dUAAQ","2017-07-24","Célia Pedro","Salários - 2017/007","JNL008164","","","007",""
"a3h24000000HgsnAAC","0.0","127.03","a2l24000000U9xHAAS","2017-08-28T16:49:54.000Z","","248","a3i2400000057dUAAQ","2017-07-24","Célia Pedro","Salários - 2017/007","JNL008164","","","007",""
"a3h24000000HgsoAAC","0.0","3371.17","a2l24000000U9xFAAS","2017-08-28T16:49:54.000Z","","2451","a3i2400000057dUAAQ","2017-07-24","Célia Pedro","Salários - 2017/007","JNL008164","","","007",""
"a3h24000000HhO5AAK","146.41","0.0","a2l24000000UA1eAAG","2017-08-31T11:36:08.000Z","MI Val.Liq + Tx Soc. E.","63511","a3i2400000057rQAAQ","2017-02-23","Célia Pedro","Salários - 2017/002","JNL008262","","","002",""
"a3h24000000HhO6AAK","0.0","146.41","a2l24000000U9xFAAS","2017-08-31T11:36:08.000Z","MI Val.Liq + Tx Soc. E.","2451","a3i2400000057rQAAQ","2017-02-23","Célia Pedro","Salários - 2017/002","JNL008262","","","002",""
"a3h24000000HhO7AAK","10855.29","0.0","a2l24000000UA1RAAW","2017-08-31T11:36:08.000Z","MI Val. Iliquid S1 Vencimento","63201","a3i2400000057rQAAQ","2017-02-23","Célia Pedro","Salários - 2017/002","JNL008262","","","002",""
"a3h24000000HhO8AAK","798.0","0.0","a2l24000000UA1UAAW","2017-08-31T11:36:08.000Z","MI Val. Iliquid S30 Sub almoço","63204","a3i2400000057rQAAQ","2017-02-23","Célia Pedro","Salários - 2017/002","JNL008262","","","002",""
"a3h24000000HhO9AAK","452.31","0.0","a2l24000000U9xaAAC","2017-08-31T11:36:08.000Z","MI Val. Iliquid S75 Duod. Sub férias","2722203","a3i2400000057rQAAQ","2017-02-23","Célia Pedro","Salários - 2017/002","JNL008262","","","002",""
"a3h24000000HhOAAA0","452.31","0.0","a2l24000000U9xYAAS","2017-08-31T11:36:08.000Z","MI Val. Iliquid S76 Duod. Sub natal","2722201","a3i2400000057rQAAQ","2017-02-23","Célia Pedro","Salários - 2017/002","JNL008262","","","002",""
"a3h24000000HhOBAA0","0.0","2652.0","a2l24000000U9w4AAC","2017-08-31T11:36:08.000Z","MI TG Valor IRS + S105 +S108 + S109","2421","a3i2400000057rQAAQ","2017-02-23","Célia Pedro","Salários - 2017/002","JNL008262","","","002",""
"a3h24000000HhOCAA0","0.0","1410.3","a2l24000000U9xFAAS","2017-08-31T11:36:08.000Z","MI TS Taxa Soc. N","2451","a3i2400000057rQAAQ","2017-02-23","Célia Pedro","Salários - 2017/002","JNL008262","","","002",""
"a3h24000000HhODAA0","0.0","1214.24","a2l24000000U9vtAAC","2017-08-31T11:36:08.000Z","MTB Transferência ao colaborador","2312","a3i2400000057rQAAQ","2017-02-23","Célia Pedro","Salários - 2017/002","JNL008262","","","002",""
"a3h24000000HhOEAA0","0.0","1128.24","a2l24000000U9vtAAC","2017-08-31T11:36:08.000Z","MTB Transferência ao colaborador","2312","a3i2400000057rQAAQ","2017-02-23","Célia Pedro","Salários - 2017/002","JNL008262","","","002",""
"a3h24000000HhOFAA0","0.0","1167.24","a2l24000000U9vtAAC","2017-08-31T11:36:08.000Z","MTB Transferência ao colaborador","2312","a3i2400000057rQAAQ","2017-02-23","Célia Pedro","Salários - 2017/002","JNL008262","","","002",""
"a3h24000000HhOGAA0","0.0","2123.47","a2l24000000U9vtAAC","2017-08-31T11:36:08.000Z","MTB Transferência ao colaborador","2312","a3i2400000057rQAAQ","2017-02-23","Célia Pedro","Salários - 2017/002","JNL008262","","","002",""
"a3h24000000HhOHAA0","0.0","1476.52","a2l24000000U9vtAAC","2017-08-31T11:36:08.000Z","MTB Transferência ao colaborador","2312","a3i2400000057rQAAQ","2017-02-23","Célia Pedro","Salários - 2017/002","JNL008262","","","002",""
"a3h24000000HhOIAA0","0.0","2164.22","a2l24000000U9vtAAC","2017-08-31T11:36:08.000Z","MTB Transferência ao colaborador","2312","a3i2400000057rQAAQ","2017-02-23","Célia Pedro","Salários - 2017/002","JNL008262","","","002",""
"a3h24000000HhOJAA0","100.43","0.0","a2l24000000U9yjAAC","2017-08-31T11:36:08.000Z","MI TG F.C.T","415401","a3i2400000057rQAAQ","2017-02-23","Célia Pedro","Salários - 2017/002","JNL008262","","","002",""
"a3h24000000HhOKAA0","8.16","0.0","a2l24000000UA1gAAG","2017-08-31T11:36:08.000Z","MI TG FGCT","63513","a3i2400000057rQAAQ","2017-02-23","Célia Pedro","Salários - 2017/002","JNL008262","","","002",""
"a3h24000000HhOLAA0","0.0","108.59","a2l24000000U9xHAAS","2017-08-31T11:36:08.000Z","(MI TG F.C.T + MI TG FGCT)","248","a3i2400000057rQAAQ","2017-02-23","Célia Pedro","Salários - 2017/002","JNL008262","","","002",""
"a3h24000000HhOMAA0","107.43","0.0","a2l24000000U9xbAAC","2017-08-31T11:36:08.000Z","(2722203*0,2375)","2722204","a3i2400000057rQAAQ","2017-02-23","Célia Pedro","Salários - 2017/002","JNL008262","","","002",""
"a3h24000000HhONAA0","107.42","0.0","a2l24000000U9xZAAS","2017-08-31T11:36:08.000Z","(2722201*0,2375)","2722202","a3i2400000057rQAAQ","2017-02-23","Célia Pedro","Salários - 2017/002","JNL008262","","","002",""
"a3h24000000HhOOAA0","2830.12","0.0","a2l24000000UA1fAAG","2017-08-31T11:36:08.000Z","(2722204+2722202+2451)*-1","63512","a3i2400000057rQAAQ","2017-02-23","Célia Pedro","Salários - 2017/002","JNL008262","","","002",""
"a3h24000000HhOPAA0","0.0","3044.97","a2l24000000U9xFAAS","2017-08-31T11:36:08.000Z","MI TS Tx Soc E.","2451","a3i2400000057rQAAQ","2017-02-23","Célia Pedro","Salários - 2017/002","JNL008262","","","002",""
"a3h24000000HhOQAA0","778.32","0.0","a2l24000000UA1aAAG","2017-08-31T11:36:08.000Z","MI Val. Iliquid S55 Prémio","63210","a3i2400000057rQAAQ","2017-02-23","Célia Pedro","Salários - 2017/002","JNL008262","","","002",""
"a3h24000000HhORAA0","146.41","0.0","a2l24000000UA1eAAG","2017-08-31T11:37:46.000Z","MI Val.Liq + Tx Soc. E.","63511","a3i2400000057rVAAQ","2017-01-25","Célia Pedro","Salários - 2017/001","JNL008264","","","001",""
"a3h24000000HhOSAA0","0.0","146.41","a2l24000000U9xFAAS","2017-08-31T11:37:46.000Z","MI Val.Liq + Tx Soc. E.","2451","a3i2400000057rVAAQ","2017-01-25","Célia Pedro","Salários - 2017/001","JNL008264","","","001",""
"a3h24000000HhOTAA0","10043.11","0.0","a2l24000000UA1RAAW","2017-08-31T11:37:46.000Z","MI Val. Iliquid S1 Vencimento","63201","a3i2400000057rVAAQ","2017-01-25","Célia Pedro","Salários - 2017/001","JNL008264","","","001",""
"a3h24000000HhOUAA0","847.0","0.0","a2l24000000UA1UAAW","2017-08-31T11:37:46.000Z","MI Val. Iliquid S30 Sub almoço","63204","a3i2400000057rVAAQ","2017-01-25","Célia Pedro","Salários - 2017/001","JNL008264","","","001",""
"a3h24000000HhOVAA0","452.31","0.0","a2l24000000U9xaAAC","2017-08-31T11:37:46.000Z","MI Val. Iliquid S75 Duod. Sub férias","2722203","a3i2400000057rVAAQ","2017-01-25","Célia Pedro","Salários - 2017/001","JNL008264","","","001",""
"a3h24000000HhOWAA0","452.31","0.0","a2l24000000U9xYAAS","2017-08-31T11:37:46.000Z","MI Val. Iliquid S76 Duod. Sub natal","2722201","a3i2400000057rVAAQ","2017-01-25","Célia Pedro","Salários - 2017/001","JNL008264","","","001",""
"a3h24000000HhOXAA0","0.0","2092.0","a2l24000000U9w4AAC","2017-08-31T11:37:46.000Z","MI TG Valor IRS + S105 +S108 + S109","2421","a3i2400000057rVAAQ","2017-01-25","Célia Pedro","Salários - 2017/001","JNL008264","","","001",""
"a3h24000000HhOYAA0","0.0","1237.26","a2l24000000U9xFAAS","2017-08-31T11:37:46.000Z","MI TS Taxa Soc. N","2451","a3i2400000057rVAAQ","2017-01-25","Célia Pedro","Salários - 2017/001","JNL008264","","","001",""
"a3h24000000HhOZAA0","0.0","1233.42","a2l24000000U9vtAAC","2017-08-31T11:37:46.000Z","MTB Transferência ao colaborador","2312","a3i2400000057rVAAQ","2017-01-25","Célia Pedro","Salários - 2017/001","JNL008264","","","001",""
"a3h24000000HhOaAAK","0.0","1147.42","a2l24000000U9vtAAC","2017-08-31T11:37:46.000Z","MTB Transferência ao colaborador","2312","a3i2400000057rVAAQ","2017-01-25","Célia Pedro","Salários - 2017/001","JNL008264","","","001",""
"a3h24000000HhObAAK","0.0","1186.42","a2l24000000U9vtAAC","2017-08-31T11:37:46.000Z","MTB Transferência ao colaborador","2312","a3i2400000057rVAAQ","2017-01-25","Célia Pedro","Salários - 2017/001","JNL008264","","","001",""
"a3h24000000HhOcAAK","0.0","2058.08","a2l24000000U9vtAAC","2017-08-31T11:37:46.000Z","MTB Transferência ao colaborador","2312","a3i2400000057rVAAQ","2017-01-25","Célia Pedro","Salários - 2017/001","JNL008264","","","001",""
"a3h24000000HhOdAAK","0.0","657.73","a2l24000000U9vtAAC","2017-08-31T11:37:46.000Z","MTB Transferência ao colaborador","2312","a3i2400000057rVAAQ","2017-01-25","Célia Pedro","Salários - 2017/001","JNL008264","","","001",""
"a3h24000000HhOeAAK","0.0","2182.4","a2l24000000U9vtAAC","2017-08-31T11:37:46.000Z","MTB Transferência ao colaborador","2312","a3i2400000057rVAAQ","2017-01-25","Célia Pedro","Salários - 2017/001","JNL008264","","","001",""
"a3h24000000HhOfAAK","92.92","0.0","a2l24000000U9yjAAC","2017-08-31T11:37:46.000Z","MI TG F.C.T","415401","a3i2400000057rVAAQ","2017-01-25","Célia Pedro","Salários - 2017/001","JNL008264","","","001",""
"a3h24000000HhOgAAK","7.55","0.0","a2l24000000UA1gAAG","2017-08-31T11:37:46.000Z","MI TG FGCT","63513","a3i2400000057rVAAQ","2017-01-25","Célia Pedro","Salários - 2017/001","JNL008264","","","001",""
"a3h24000000HhOhAAK","0.0","100.47","a2l24000000U9xHAAS","2017-08-31T11:37:46.000Z","(MI TG F.C.T + MI TG FGCT)","248","a3i2400000057rVAAQ","2017-01-25","Célia Pedro","Salários - 2017/001","JNL008264","","","001",""
"a3h24000000HhOiAAK","107.43","0.0","a2l24000000U9xbAAC","2017-08-31T11:37:46.000Z","(2722203*0,2375)","2722204","a3i2400000057rVAAQ","2017-01-25","Célia Pedro","Salários - 2017/001","JNL008264","","","001",""
"a3h24000000HhOjAAK","107.42","0.0","a2l24000000U9xZAAS","2017-08-31T11:37:46.000Z","(2722201*0,2375)","2722202","a3i2400000057rVAAQ","2017-01-25","Célia Pedro","Salários - 2017/001","JNL008264","","","001",""
"a3h24000000HhOkAAK","2456.51","0.0","a2l24000000UA1fAAG","2017-08-31T11:37:46.000Z","(2722204+2722202+2451)*-1","63512","a3i2400000057rVAAQ","2017-01-25","Célia Pedro","Salários - 2017/001","JNL008264","","","001",""
"a3h24000000HhOlAAK","0.0","2671.36","a2l24000000U9xFAAS","2017-08-31T11:37:46.000Z","MI TS Tx Soc E.","2451","a3i2400000057rVAAQ","2017-01-25","Célia Pedro","Salários - 2017/001","JNL008264","","","001",""
"a3h24000000HhNZAA0","146.41","0.0","a2l24000000UA1eAAG","2017-08-31T10:57:53.000Z","MI Val.Liq + Tx Soc. E.","63511","a3i2400000057rGAAQ","2017-03-23","Célia Pedro","Salários - 2017/003","JNL008260","","","003",""
"a3h24000000HhNaAAK","0.0","146.41","a2l24000000U9xFAAS","2017-08-31T10:57:53.000Z","MI Val.Liq + Tx Soc. E.","2451","a3i2400000057rGAAQ","2017-03-23","Célia Pedro","Salários - 2017/003","JNL008260","","","003",""
"a3h24000000HhNbAAK","10855.29","0.0","a2l24000000UA1RAAW","2017-08-31T10:57:53.000Z","MI Val. Iliquid S1 Vencimento","63201","a3i2400000057rGAAQ","2017-03-23","Célia Pedro","Salários - 2017/003","JNL008260","","","003",""
"a3h24000000HhNcAAK","861.0","0.0","a2l24000000UA1UAAW","2017-08-31T10:57:53.000Z","MI Val. Iliquid S30 Sub almoço","63204","a3i2400000057rGAAQ","2017-03-23","Célia Pedro","Salários - 2017/003","JNL008260","","","003",""
"a3h24000000HhNdAAK","2118.65","0.0","a2l24000000U9xaAAC","2017-08-31T10:57:53.000Z","MI Val. Iliquid S75 + S60 +S67","2722203","a3i2400000057rGAAQ","2017-03-23","Célia Pedro","Salários - 2017/003","JNL008260","","","003",""
"a3h24000000HhNeAAK","881.08","0.0","a2l24000000U9xYAAS","2017-08-31T10:57:53.000Z","MI Val. Iliquid S76 + S62","2722201","a3i2400000057rGAAQ","2017-03-23","Célia Pedro","Salários - 2017/003","JNL008260","","","003",""
"a3h24000000HhNfAAK","0.0","3036.0","a2l24000000U9w4AAC","2017-08-31T10:57:53.000Z","MI TG Valor IRS + S105 +S108 + S109","2421","a3i2400000057rGAAQ","2017-03-23","Célia Pedro","Salários - 2017/003","JNL008260","","","003",""
"a3h24000000HhNgAAK","0.0","1840.91","a2l24000000U9xFAAS","2017-08-31T10:57:53.000Z","MI TS Taxa Soc. N","2451","a3i2400000057rGAAQ","2017-03-23","Célia Pedro","Salários - 2017/003","JNL008260","","","003",""
"a3h24000000HhNhAAK","0.0","1233.42","a2l24000000U9vtAAC","2017-08-31T10:57:53.000Z","MTB Transferência ao colaborador","2312","a3i2400000057rGAAQ","2017-03-23","Célia Pedro","Salários - 2017/003","JNL008260","","","003",""
"a3h24000000HhNiAAK","0.0","1147.42","a2l24000000U9vtAAC","2017-08-31T10:57:53.000Z","MTB Transferência ao colaborador","2312","a3i2400000057rGAAQ","2017-03-23","Célia Pedro","Salários - 2017/003","JNL008260","","","003",""
"a3h24000000HhNjAAK","0.0","1186.42","a2l24000000U9vtAAC","2017-08-31T10:57:53.000Z","MTB Transferência ao colaborador","2312","a3i2400000057rGAAQ","2017-03-23","Célia Pedro","Salários - 2017/003","JNL008260","","","003",""
"a3h24000000HhNkAAK","0.0","2140.65","a2l24000000U9vtAAC","2017-08-31T10:57:53.000Z","MTB Transferência ao colaborador","2312","a3i2400000057rGAAQ","2017-03-23","Célia Pedro","Salários - 2017/003","JNL008260","","","003",""
"a3h24000000HhNlAAK","0.0","1083.0","a2l24000000U9vtAAC","2017-08-31T10:57:53.000Z","MTB Transferência ao colaborador","2312","a3i2400000057rGAAQ","2017-03-23","Célia Pedro","Salários - 2017/003","JNL008260","","","003",""
"a3h24000000HhNmAAK","0.0","6107.44","a2l24000000U9vtAAC","2017-08-31T10:57:53.000Z","MTB Transferência ao colaborador","2312","a3i2400000057rGAAQ","2017-03-23","Célia Pedro","Salários - 2017/003","JNL008260","","","003",""
"a3h24000000HhNnAAK","100.43","0.0","a2l24000000U9yjAAC","2017-08-31T10:57:53.000Z","MI TG F.C.T","415401","a3i2400000057rGAAQ","2017-03-23","Célia Pedro","Salários - 2017/003","JNL008260","","","003",""
"a3h24000000HhNoAAK","8.16","0.0","a2l24000000UA1gAAG","2017-08-31T10:57:53.000Z","MI TG FGCT","63513","a3i2400000057rGAAQ","2017-03-23","Célia Pedro","Salários - 2017/003","JNL008260","","","003",""
"a3h24000000HhNpAAK","0.0","108.59","a2l24000000U9xHAAS","2017-08-31T10:57:53.000Z","(MI TG F.C.T + MI TG FGCT)","248","a3i2400000057rGAAQ","2017-03-23","Célia Pedro","Salários - 2017/003","JNL008260","","","003",""
"a3h24000000HhNqAAK","503.18","0.0","a2l24000000U9xbAAC","2017-08-31T10:57:53.000Z","(2722203*0,2375)","2722204","a3i2400000057rGAAQ","2017-03-23","Célia Pedro","Salários - 2017/003","JNL008260","","","003",""
"a3h24000000HhNrAAK","209.26","0.0","a2l24000000U9xZAAS","2017-08-31T10:57:53.000Z","(2722201*0,2375)","2722202","a3i2400000057rGAAQ","2017-03-23","Célia Pedro","Salários - 2017/003","JNL008260","","","003",""
"a3h24000000HhNsAAK","3262.28","0.0","a2l24000000UA1fAAG","2017-08-31T10:57:53.000Z","(2722204+2722202+2451)*-1","63512","a3i2400000057rGAAQ","2017-03-23","Célia Pedro","Salários - 2017/003","JNL008260","","","003",""
"a3h24000000HhNtAAK","0.0","3974.72","a2l24000000U9xFAAS","2017-08-31T10:57:53.000Z","MI TS Tx Soc E.","2451","a3i2400000057rGAAQ","2017-03-23","Célia Pedro","Salários - 2017/003","JNL008260","","","003",""
"a3h24000000HhNuAAK","3059.24","0.0","a2l24000000UA1aAAG","2017-08-31T10:57:53.000Z","MI Val. Iliquid S55 Prémio + S68","63210","a3i2400000057rGAAQ","2017-03-23","Célia Pedro","Salários - 2017/003","JNL008260","","","003",""
"a3h24000000HgriAAC","146.41","0.0","a2l24000000UA1eAAG","2017-08-28T14:35:48.000Z","MI Val.Liq + Tx Soc. E.","63511","a3i2400000057dKAAQ","2017-05-24","Célia Pedro","Salários - 2017/005","JNL008219","","","005",""
"a3h24000000HgrjAAC","0.0","146.41","a2l24000000U9xFAAS","2017-08-28T14:35:48.000Z","MI Val.Liq + Tx Soc. E.","2451","a3i2400000057dKAAQ","2017-05-24","Célia Pedro","Salários - 2017/005","JNL008219","","","005",""
"a3h24000000HgrkAAC","11599.56","0.0","a2l24000000UA1RAAW","2017-08-28T14:35:48.000Z","MI Val. Iliquid S1 Vencimento","63201","a3i2400000057dKAAQ","2017-05-24","Célia Pedro","Salários - 2017/005","JNL008219","","","005",""
"a3h24000000HgrlAAC","1078.0","0.0","a2l24000000UA1UAAW","2017-08-28T14:35:48.000Z","MI Val. Iliquid S30 Sub almoço","63204","a3i2400000057dKAAQ","2017-05-24","Célia Pedro","Salários - 2017/005","JNL008219","","","005",""
"a3h24000000HgrmAAC","539.55","0.0","a2l24000000U9xaAAC","2017-08-28T14:35:48.000Z","MI Val. Iliquid S75 Duod. Sub férias","2722203","a3i2400000057dKAAQ","2017-05-24","Célia Pedro","Salários - 2017/005","JNL008219","","","005",""
"a3h24000000HgrnAAC","539.55","0.0","a2l24000000U9xYAAS","2017-08-28T14:35:48.000Z","MI Val. Iliquid S76 Duod. Sub natal","2722201","a3i2400000057dKAAQ","2017-05-24","Célia Pedro","Salários - 2017/005","JNL008219","","","005",""
"a3h24000000HgroAAC","0.0","2736.0","a2l24000000U9w4AAC","2017-08-28T14:35:48.000Z","MI TG Valor IRS + S105 +S108 + S109","2421","a3i2400000057dKAAQ","2017-05-24","Célia Pedro","Salários - 2017/005","JNL008219","","","005",""
"a3h24000000HgrpAAC","0.0","1436.66","a2l24000000U9xFAAS","2017-08-28T14:35:48.000Z","MI TS Taxa Soc. N","2451","a3i2400000057dKAAQ","2017-05-24","Célia Pedro","Salários - 2017/005","JNL008219","","","005",""
"a3h24000000HgrqAAC","0.0","1233.42","a2l24000000U9vtAAC","2017-08-28T14:35:48.000Z","MTB Transferência ao colaborador","2312","a3i2400000057dKAAQ","2017-05-24","Célia Pedro","Salários - 2017/005","JNL008219","","","005",""
"a3h24000000HgrrAAC","0.0","1147.42","a2l24000000U9vtAAC","2017-08-28T14:35:48.000Z","MTB Transferência ao colaborador","2312","a3i2400000057dKAAQ","2017-05-24","Célia Pedro","Salários - 2017/005","JNL008219","","","005",""
"a3h24000000HgrsAAC","0.0","1186.42","a2l24000000U9vtAAC","2017-08-28T14:35:48.000Z","MTB Transferência ao colaborador","2312","a3i2400000057dKAAQ","2017-05-24","Célia Pedro","Salários - 2017/005","JNL008219","","","005",""
"a3h24000000HgrtAAC","0.0","2140.65","a2l24000000U9vtAAC","2017-08-28T14:35:48.000Z","MTB Transferência ao colaborador","2312","a3i2400000057dKAAQ","2017-05-24","Célia Pedro","Salários - 2017/005","JNL008219","","","005",""
"a3h24000000HgruAAC","0.0","1083.0","a2l24000000U9vtAAC","2017-08-28T14:35:48.000Z","MTB Transferência ao colaborador","2312","a3i2400000057dKAAQ","2017-05-24","Célia Pedro","Salários - 2017/005","JNL008219","","","005",""
"a3h24000000HgrvAAC","0.0","1481.66","a2l24000000U9vtAAC","2017-08-28T14:35:48.000Z","MTB Transferência ao colaborador","2312","a3i2400000057dKAAQ","2017-05-24","Célia Pedro","Salários - 2017/005","JNL008219","","","005",""
"a3h24000000HgrwAAC","0.0","1311.43","a2l24000000U9vtAAC","2017-08-28T14:35:48.000Z","MTB Transferência ao colaborador","2312","a3i2400000057dKAAQ","2017-05-24","Célia Pedro","Salários - 2017/005","JNL008219","","","005",""
"a3h24000000HgrxAAC","107.31","0.0","a2l24000000U9yjAAC","2017-08-28T14:35:48.000Z","MI TG F.C.T","415401","a3i2400000057dKAAQ","2017-05-24","Célia Pedro","Salários - 2017/005","JNL008219","","","005",""
"a3h24000000HgryAAC","8.71","0.0","a2l24000000UA1gAAG","2017-08-28T14:35:48.000Z","MI TG FGCT","63513","a3i2400000057dKAAQ","2017-05-24","Célia Pedro","Salários - 2017/005","JNL008219","","","005",""
"a3h24000000HgrzAAC","0.0","116.02","a2l24000000U9xHAAS","2017-08-28T14:35:48.000Z","(MI TG F.C.T + MI TG FGCT)","248","a3i2400000057dKAAQ","2017-05-24","Célia Pedro","Salários - 2017/005","JNL008219","","","005",""
"a3h24000000Hgs0AAC","128.15","0.0","a2l24000000U9xbAAC","2017-08-28T14:35:48.000Z","MI S75 Tx. Soc. E.","2722204","a3i2400000057dKAAQ","2017-05-24","Célia Pedro","Salários - 2017/005","JNL008219","","","005",""
"a3h24000000Hgs1AAC","128.13","0.0","a2l24000000U9xZAAS","2017-08-28T14:35:48.000Z","MI S76 Tx. Soc. E.","2722202","a3i2400000057dKAAQ","2017-05-24","Célia Pedro","Salários - 2017/005","JNL008219","","","005",""
"a3h24000000Hgs2AAC","2845.61","0.0","a2l24000000UA1fAAG","2017-08-28T14:35:48.000Z","(2722204+2722202+2451)*-1","63512","a3i2400000057dKAAQ","2017-05-24","Célia Pedro","Salários - 2017/005","JNL008219","","","005",""
"a3h24000000Hgs3AAC","0.0","3101.89","a2l24000000U9xFAAS","2017-08-28T14:35:48.000Z","MI TS Tx Soc E.","2451","a3i2400000057dKAAQ","2017-05-24","Célia Pedro","Salários - 2017/005","JNL008219","","","005",""
"a3h24000000HgrMAAS","146.41","0.0","a2l24000000UA1eAAG","2017-08-28T13:51:34.000Z","MI Val.Liq + Tx Soc. E.","63511","a3i2400000057dFAAQ","2017-04-21","Célia Pedro","Salários - 2017/004","JNL008218","","","004",""
"a3h24000000HgrNAAS","0.0","146.41","a2l24000000U9xFAAS","2017-08-28T13:51:34.000Z","MI Val.Liq + Tx Soc. E.","2451","a3i2400000057dFAAQ","2017-04-21","Célia Pedro","Salários - 2017/004","JNL008218","","","004",""
"a3h24000000HgrOAAS","9649.15","0.0","a2l24000000UA1RAAW","2017-08-28T13:51:34.000Z","MI Val. Iliquid S1 Vencimento","63201","a3i2400000057dFAAQ","2017-04-21","Célia Pedro","Salários - 2017/004","JNL008218","","","004",""
"a3h24000000HgrPAAS","861.0","0.0","a2l24000000UA1UAAW","2017-08-28T13:51:34.000Z","MI Val. Iliquid S30 Sub almoço","63204","a3i2400000057dFAAQ","2017-04-21","Célia Pedro","Salários - 2017/004","JNL008218","","","004",""
"a3h24000000HgrQAAS","345.12","0.0","a2l24000000U9xaAAC","2017-08-28T13:51:34.000Z","MI Val. Iliquid S75 Duod. Sub férias","2722203","a3i2400000057dFAAQ","2017-04-21","Célia Pedro","Salários - 2017/004","JNL008218","","","004",""
"a3h24000000HgrRAAS","345.12","0.0","a2l24000000U9xYAAS","2017-08-28T13:51:34.000Z","MI Val. Iliquid S76 Duod. Sub natal","2722201","a3i2400000057dFAAQ","2017-04-21","Célia Pedro","Salários - 2017/004","JNL008218","","","004",""
"a3h24000000HgrSAAS","0.0","2073.0","a2l24000000U9w4AAC","2017-08-28T13:51:34.000Z","MI TG Valor IRS + S105 +S108 + S109","2421","a3i2400000057dFAAQ","2017-04-21","Célia Pedro","Salários - 2017/004","JNL008218","","","004",""
"a3h24000000HgrTAAS","0.0","1170.88","a2l24000000U9xFAAS","2017-08-28T13:51:34.000Z","MI TS Taxa Soc. N","2451","a3i2400000057dFAAQ","2017-04-21","Célia Pedro","Salários - 2017/004","JNL008218","","","004",""
"a3h24000000HgrUAAS","0.0","1233.42","a2l24000000U9vtAAC","2017-08-28T13:51:34.000Z","MTB Transferência ao colaborador","2312","a3i2400000057dFAAQ","2017-04-21","Célia Pedro","Salários - 2017/004","JNL008218","","","004",""
"a3h24000000HgrVAAS","0.0","1147.42","a2l24000000U9vtAAC","2017-08-28T13:51:34.000Z","MTB Transferência ao colaborador","2312","a3i2400000057dFAAQ","2017-04-21","Célia Pedro","Salários - 2017/004","JNL008218","","","004",""
"a3h24000000HgrWAAS","0.0","1186.42","a2l24000000U9vtAAC","2017-08-28T13:51:34.000Z","MTB Transferência ao colaborador","2312","a3i2400000057dFAAQ","2017-04-21","Célia Pedro","Salários - 2017/004","JNL008218","","","004",""
"a3h24000000HgrXAAS","0.0","2140.65","a2l24000000U9vtAAC","2017-08-28T13:51:34.000Z","MTB Transferência ao colaborador","2312","a3i2400000057dFAAQ","2017-04-21","Célia Pedro","Salários - 2017/004","JNL008218","","","004",""
"a3h24000000HgrYAAS","0.0","1083.0","a2l24000000U9vtAAC","2017-08-28T13:51:34.000Z","MTB Transferência ao colaborador","2312","a3i2400000057dFAAQ","2017-04-21","Célia Pedro","Salários - 2017/004","JNL008218","","","004",""
"a3h24000000HgrZAAS","0.0","819.02","a2l24000000U9vtAAC","2017-08-28T13:51:34.000Z","MTB Transferência ao colaborador","2312","a3i2400000057dFAAQ","2017-04-21","Célia Pedro","Salários - 2017/004","JNL008218","","","004",""
"a3h24000000HgraAAC","0.0","346.58","a2l24000000U9vtAAC","2017-08-28T13:51:34.000Z","MTB Transferência ao colaborador","2312","a3i2400000057dFAAQ","2017-04-21","Célia Pedro","Salários - 2017/004","JNL008218","","","004",""
"a3h24000000HgrbAAC","89.27","0.0","a2l24000000U9yjAAC","2017-08-28T13:51:34.000Z","MI TG F.C.T","415401","a3i2400000057dFAAQ","2017-04-21","Célia Pedro","Salários - 2017/004","JNL008218","","","004",""
"a3h24000000HgrcAAC","7.26","0.0","a2l24000000UA1gAAG","2017-08-28T13:51:34.000Z","MI TG FGCT","63513","a3i2400000057dFAAQ","2017-04-21","Célia Pedro","Salários - 2017/004","JNL008218","","","004",""
"a3h24000000HgrdAAC","0.0","96.53","a2l24000000U9xHAAS","2017-08-28T13:51:34.000Z","(MI TG F.C.T + MI TG FGCT)","248","a3i2400000057dFAAQ","2017-04-21","Célia Pedro","Salários - 2017/004","JNL008218","","","004",""
"a3h24000000HgreAAC","81.98","0.0","a2l24000000U9xbAAC","2017-08-28T13:51:34.000Z","MI S75 Tx. Soc. E.","2722204","a3i2400000057dFAAQ","2017-04-21","Célia Pedro","Salários - 2017/004","JNL008218","","","004",""
"a3h24000000HgrfAAC","81.95","0.0","a2l24000000U9xZAAS","2017-08-28T13:51:34.000Z","MI S76 Tx. Soc. E.","2722202","a3i2400000057dFAAQ","2017-04-21","Célia Pedro","Salários - 2017/004","JNL008218","","","004",""
"a3h24000000HgrgAAC","2364.13","0.0","a2l24000000UA1fAAG","2017-08-28T13:51:34.000Z","(2722204+2722202+2451)*-1","63512","a3i2400000057dFAAQ","2017-04-21","Célia Pedro","Salários - 2017/004","JNL008218","","","004",""
"a3h24000000HgrhAAC","0.0","2528.06","a2l24000000U9xFAAS","2017-08-28T13:51:34.000Z","MI TS Tx Soc E.","2451","a3i2400000057dFAAQ","2017-04-21","Célia Pedro","Salários - 2017/004","JNL008218","","","004",""
"a3h24000000HiREAA0","146.41","0.0","a2l24000000UA1eAAG","2017-09-04T17:53:30.000Z","MI Val.Liq + Tx Soc. E.","63511","a3i2400000058E6AAI","2017-08-24","Célia Pedro","Salários - 2017/008","JNL008326","","","008",""
"a3h24000000HiRFAA0","0.0","146.41","a2l24000000U9xFAAS","2017-09-04T17:53:30.000Z","MI Val.Liq + Tx Soc. E.","2451","a3i2400000058E6AAI","2017-08-24","Célia Pedro","Salários - 2017/008","JNL008326","","","008",""
"a3h24000000HiRGAA0","14302.26","0.0","a2l24000000UA1RAAW","2017-09-04T17:53:30.000Z","MI Val. Iliquid S1 Vencimento","63201","a3i2400000058E6AAI","2017-08-24","Célia Pedro","Salários - 2017/008","JNL008326","","","008",""
"a3h24000000HiRHAA0","1358.0","0.0","a2l24000000UA1UAAW","2017-09-04T17:53:30.000Z","MI Val. Iliquid S30 Sub almoço","63204","a3i2400000058E6AAI","2017-08-24","Célia Pedro","Salários - 2017/008","JNL008326","","","008",""
"a3h24000000HiRIAA0","595.93","0.0","a2l24000000U9xaAAC","2017-09-04T17:53:30.000Z","MI Val. Iliquid S75","2722203","a3i2400000058E6AAI","2017-08-24","Célia Pedro","Salários - 2017/008","JNL008326","","","008",""
"a3h24000000HiRJAA0","595.93","0.0","a2l24000000U9xYAAS","2017-09-04T17:53:30.000Z","MI Val. Iliquid S76","2722201","a3i2400000058E6AAI","2017-08-24","Célia Pedro","Salários - 2017/008","JNL008326","","","008",""
"a3h24000000HiRKAA0","0.0","3254.0","a2l24000000U9w4AAC","2017-09-04T17:53:30.000Z","MI TG Valor IRS + S105 +S108 + S109","2421","a3i2400000058E6AAI","2017-08-24","Célia Pedro","Salários - 2017/008","JNL008326","","","008",""
"a3h24000000HiRLAA0","0.0","1757.27","a2l24000000U9xFAAS","2017-09-04T17:53:30.000Z","MI TS Taxa Soc. N","2451","a3i2400000058E6AAI","2017-08-24","Célia Pedro","Salários - 2017/008","JNL008326","","","008",""
"a3h24000000HiRMAA0","0.0","1233.42","a2l24000000U9vtAAC","2017-09-04T17:53:30.000Z","MTB Transferência ao colaborador","2312","a3i2400000058E6AAI","2017-08-24","Célia Pedro","Salários - 2017/008","JNL008326","","","008",""
"a3h24000000HiRNAA0","0.0","1147.42","a2l24000000U9vtAAC","2017-09-04T17:53:30.000Z","MTB Transferência ao colaborador","2312","a3i2400000058E6AAI","2017-08-24","Célia Pedro","Salários - 2017/008","JNL008326","","","008",""
"a3h24000000HiROAA0","0.0","1186.42","a2l24000000U9vtAAC","2017-09-04T17:53:30.000Z","MTB Transferência ao colaborador","2312","a3i2400000058E6AAI","2017-08-24","Célia Pedro","Salários - 2017/008","JNL008326","","","008",""
"a3h24000000HiRPAA0","0.0","2140.65","a2l24000000U9vtAAC","2017-09-04T17:53:30.000Z","MTB Transferência ao colaborador","2312","a3i2400000058E6AAI","2017-08-24","Célia Pedro","Salários - 2017/008","JNL008326","","","008",""
"a3h24000000HiRQAA0","0.0","1083.0","a2l24000000U9vtAAC","2017-09-04T17:53:30.000Z","MTB Transferência ao colaborador","2312","a3i2400000058E6AAI","2017-08-24","Célia Pedro","Salários - 2017/008","JNL008326","","","008",""
"a3h24000000HiRRAA0","0.0","1436.83","a2l24000000U9vtAAC","2017-09-04T17:53:30.000Z","MTB Transferência ao colaborador","2312","a3i2400000058E6AAI","2017-08-24","Célia Pedro","Salários - 2017/008","JNL008326","","","008",""
"a3h24000000HiRSAA0","0.0","1290.17","a2l24000000U9vtAAC","2017-09-04T17:53:30.000Z","MTB Transferência ao colaborador","2312","a3i2400000058E6AAI","2017-08-24","Célia Pedro","Salários - 2017/008","JNL008326","","","008",""
"a3h24000000HiRTAA0","0.0","1016.58","a2l24000000U9vtAAC","2017-09-04T17:53:30.000Z","MTB Transferência ao colaborador","2312","a3i2400000058E6AAI","2017-08-24","Célia Pedro","Salários - 2017/008","JNL008326","","","008",""
"a3h24000000HiRUAA0","0.0","1306.36","a2l24000000U9vtAAC","2017-09-04T17:53:30.000Z","MTB Transferência ao colaborador","2312","a3i2400000058E6AAI","2017-08-24","Célia Pedro","Salários - 2017/008","JNL008326","","","008",""
"a3h24000000HiRVAA0","132.32","0.0","a2l24000000U9yjAAC","2017-09-04T17:53:30.000Z","MI TG F.C.T","415401","a3i2400000058E6AAI","2017-08-24","Célia Pedro","Salários - 2017/008","JNL008326","","","008",""
"a3h24000000HiRWAA0","10.74","0.0","a2l24000000UA1gAAG","2017-09-04T17:53:30.000Z","MI TG FGCT","63513","a3i2400000058E6AAI","2017-08-24","Célia Pedro","Salários - 2017/008","JNL008326","","","008",""
"a3h24000000HiRXAA0","0.0","143.06","a2l24000000U9xHAAS","2017-09-04T17:53:30.000Z","(MI TG F.C.T + MI TG FGCT)","248","a3i2400000058E6AAI","2017-08-24","Célia Pedro","Salários - 2017/008","JNL008326","","","008",""
"a3h24000000HiRYAA0","141.53","0.0","a2l24000000U9xbAAC","2017-09-04T17:53:30.000Z","(2722203*0,2375)","2722204","a3i2400000058E6AAI","2017-08-24","Célia Pedro","Salários - 2017/008","JNL008326","","","008",""
"a3h24000000HiRZAA0","141.53","0.0","a2l24000000U9xZAAS","2017-09-04T17:53:30.000Z","(2722201*0,2375)","2722202","a3i2400000058E6AAI","2017-08-24","Célia Pedro","Salários - 2017/008","JNL008326","","","008",""
"a3h24000000HiRaAAK","3511.07","0.0","a2l24000000UA1fAAG","2017-09-04T17:53:30.000Z","(2722204+2722202+2451)*-1","63512","a3i2400000058E6AAI","2017-08-24","Célia Pedro","Salários - 2017/008","JNL008326","","","008",""
"a3h24000000HiRbAAK","0.0","3794.13","a2l24000000U9xFAAS","2017-09-04T17:53:30.000Z","MI TS Tx Soc E.","2451","a3i2400000058E6AAI","2017-08-24","Célia Pedro","Salários - 2017/008","JNL008326","","","008",""
"a3h24000000DxwMAAS","146.41","0.0","a2l24000000UA1eAAG","2017-10-02T16:13:13.000Z","MI Val.Liq + Tx Soc. E.","63511","a3i24000000M5ZQAA0","2017-09-22","Célia Pedro","Salários - 2017/009","JNL068101","","","009",""
"a3h24000000DxwNAAS","0.0","146.41","a2l24000000U9xFAAS","2017-10-02T16:13:13.000Z","MI Val.Liq + Tx Soc. E.","2451","a3i24000000M5ZQAA0","2017-09-22","Célia Pedro","Salários - 2017/009","JNL068101","","","009",""
"a3h24000000DxwOAAS","15321.58","0.0","a2l24000000UA1RAAW","2017-10-02T16:13:13.000Z","MI Val. Iliquid S1 Vencimento","63201","a3i24000000M5ZQAA0","2017-09-22","Célia Pedro","Salários - 2017/009","JNL068101","","","009",""
"a3h24000000DxwPAAS","1421.0","0.0","a2l24000000UA1UAAW","2017-10-02T16:13:13.000Z","MI Val. Iliquid S30 Sub almoço","63204","a3i24000000M5ZQAA0","2017-09-22","Célia Pedro","Salários - 2017/009","JNL068101","","","009",""
"a3h24000000DxwQAAS","625.1","0.0","a2l24000000U9xaAAC","2017-10-02T16:13:13.000Z","MI Val. Iliquid S75","2722203","a3i24000000M5ZQAA0","2017-09-22","Célia Pedro","Salários - 2017/009","JNL068101","","","009",""
"a3h24000000DxwRAAS","625.1","0.0","a2l24000000U9xYAAS","2017-10-02T16:13:13.000Z","MI Val. Iliquid S76","2722201","a3i24000000M5ZQAA0","2017-09-22","Célia Pedro","Salários - 2017/009","JNL068101","","","009",""
"a3h24000000DxwSAAS","0.0","3511.0","a2l24000000U9w4AAC","2017-10-02T16:13:13.000Z","MI TG Valor IRS + S105 +S108 + S109","2421","a3i24000000M5ZQAA0","2017-09-22","Célia Pedro","Salários - 2017/009","JNL068101","","","009",""
"a3h24000000DxwTAAS","0.0","1878.26","a2l24000000U9xFAAS","2017-10-02T16:13:13.000Z","MI TS Taxa Soc. N","2451","a3i24000000M5ZQAA0","2017-09-22","Célia Pedro","Salários - 2017/009","JNL068101","","","009",""
"a3h24000000DxwUAAS","0.0","1301.83","a2l24000000U9vtAAC","2017-10-02T16:13:13.000Z","MTB Transferência ao colaborador","2312","a3i24000000M5ZQAA0","2017-09-22","Célia Pedro","Salários - 2017/009","JNL068101","","","009",""
"a3h24000000DxwVAAS","0.0","1208.83","a2l24000000U9vtAAC","2017-10-02T16:13:13.000Z","MTB Transferência ao colaborador","2312","a3i24000000M5ZQAA0","2017-09-22","Célia Pedro","Salários - 2017/009","JNL068101","","","009",""
"a3h24000000DxwWAAS","0.0","1250.83","a2l24000000U9vtAAC","2017-10-02T16:13:13.000Z","MTB Transferência ao colaborador","2312","a3i24000000M5ZQAA0","2017-09-22","Célia Pedro","Salários - 2017/009","JNL068101","","","009",""
"a3h24000000DxwXAAS","0.0","2140.65","a2l24000000U9vtAAC","2017-10-02T16:13:13.000Z","MTB Transferência ao colaborador","2312","a3i24000000M5ZQAA0","2017-09-22","Célia Pedro","Salários - 2017/009","JNL068101","","","009",""
"a3h24000000DxwYAAS","0.0","1083.0","a2l24000000U9vtAAC","2017-10-02T16:13:13.000Z","MTB Transferência ao colaborador","2312","a3i24000000M5ZQAA0","2017-09-22","Célia Pedro","Salários - 2017/009","JNL068101","","","009",""
"a3h24000000DxwZAAS","0.0","1436.83","a2l24000000U9vtAAC","2017-10-02T16:13:13.000Z","MTB Transferência ao colaborador","2312","a3i24000000M5ZQAA0","2017-09-22","Célia Pedro","Salários - 2017/009","JNL068101","","","009",""
"a3h24000000DxwaAAC","0.0","1290.17","a2l24000000U9vtAAC","2017-10-02T16:13:13.000Z","MTB Transferência ao colaborador","2312","a3i24000000M5ZQAA0","2017-09-22","Célia Pedro","Salários - 2017/009","JNL068101","","","009",""
"a3h24000000DxwbAAC","0.0","1016.58","a2l24000000U9vtAAC","2017-10-02T16:13:13.000Z","MTB Transferência ao colaborador","2312","a3i24000000M5ZQAA0","2017-09-22","Célia Pedro","Salários - 2017/009","JNL068101","","","009",""
"a3h24000000DxwcAAC","0.0","1557.57","a2l24000000U9vtAAC","2017-10-02T16:13:13.000Z","MTB Transferência ao colaborador","2312","a3i24000000M5ZQAA0","2017-09-22","Célia Pedro","Salários - 2017/009","JNL068101","","","009",""
"a3h24000000DxwdAAC","141.73","0.0","a2l24000000U9yjAAC","2017-10-02T16:13:13.000Z","MI TG F.C.T","415401","a3i24000000M5ZQAA0","2017-09-22","Célia Pedro","Salários - 2017/009","JNL068101","","","009",""
"a3h24000000DxweAAC","11.49","0.0","a2l24000000UA1gAAG","2017-10-02T16:13:13.000Z","MI TG FGCT","63513","a3i24000000M5ZQAA0","2017-09-22","Célia Pedro","Salários - 2017/009","JNL068101","","","009",""
"a3h24000000DxwfAAC","0.0","153.22","a2l24000000U9xHAAS","2017-10-02T16:13:13.000Z","(MI TG F.C.T + MI TG FGCT)","248","a3i24000000M5ZQAA0","2017-09-22","Célia Pedro","Salários - 2017/009","JNL068101","","","009",""
"a3h24000000DxwgAAC","148.46","0.0","a2l24000000U9xbAAC","2017-10-02T16:13:13.000Z","(2722203*0,2375)","2722204","a3i24000000M5ZQAA0","2017-09-22","Célia Pedro","Salários - 2017/009","JNL068101","","","009",""
"a3h24000000DxwhAAC","148.46","0.0","a2l24000000U9xZAAS","2017-10-02T16:13:13.000Z","(2722201*0,2375)","2722202","a3i24000000M5ZQAA0","2017-09-22","Célia Pedro","Salários - 2017/009","JNL068101","","","009",""
"a3h24000000DxwiAAC","3758.44","0.0","a2l24000000UA1fAAG","2017-10-02T16:13:13.000Z","(2722204+2722202+2451)*-1","63512","a3i24000000M5ZQAA0","2017-09-22","Célia Pedro","Salários - 2017/009","JNL068101","","","009",""
"a3h24000000DxwjAAC","0.0","4055.36","a2l24000000U9xFAAS","2017-10-02T16:13:13.000Z","MI TS Tx Soc E.","2451","a3i24000000M5ZQAA0","2017-09-22","Célia Pedro","Salários - 2017/009","JNL068101","","","009",""
"a3h24000000DxwkAAC","0.0","317.23","a2l24000000U9vtAAC","2017-10-02T16:13:13.000Z","MTB Transferência ao colaborador","2312","a3i24000000M5ZQAA0","2017-09-22","Célia Pedro","Salários - 2017/009","JNL068101","","","009",""
"a3h24000000E4FpAAK","146.41","0.0","a2l24000000UA1eAAG","2017-10-23T17:13:34.000Z","MI Val.Liq + Tx Soc. E.","63511","a3i24000000M8ZvAAK","2017-10-23","Célia Pedro","Salários - 2017/010","JNL068617","","","010",""
"a3h24000000E4FqAAK","0.0","146.41","a2l24000000U9xFAAS","2017-10-23T17:13:34.000Z","-(MI Val.Liq + Tx Soc. E.)","2451","a3i24000000M8ZvAAK","2017-10-23","Célia Pedro","Salários - 2017/010","JNL068617","","","010",""
"a3h24000000E4FrAAK","19758.29","0.0","a2l24000000UA1RAAW","2017-10-23T17:13:34.000Z","MI Val. Iliquid S1 Vencimento","63201","a3i24000000M8ZvAAK","2017-10-23","Célia Pedro","Salários - 2017/010","JNL068617","","","010",""
"a3h24000000E4FsAAK","1820.0","0.0","a2l24000000UA1UAAW","2017-10-23T17:13:34.000Z","MI Val. Iliquid S30 Sub almoço","63204","a3i24000000M8ZvAAK","2017-10-23","Célia Pedro","Salários - 2017/010","JNL068617","","","010",""
"a3h24000000E4FtAAK","824.73","0.0","a2l24000000U9xaAAC","2017-10-23T17:13:34.000Z","MI Val. Iliquid S75","2722203","a3i24000000M8ZvAAK","2017-10-23","Célia Pedro","Salários - 2017/010","JNL068617","","","010",""
"a3h24000000E4FuAAK","824.73","0.0","a2l24000000U9xYAAS","2017-10-23T17:13:34.000Z","MI Val. Iliquid S76","2722201","a3i24000000M8ZvAAK","2017-10-23","Célia Pedro","Salários - 2017/010","JNL068617","","","010",""
"a3h24000000E4FvAAK","0.0","4671.0","a2l24000000U9w4AAC","2017-10-23T17:13:34.000Z","-(MI TG Valor IRS + S105 +S108 + S109)","2421","a3i24000000M8ZvAAK","2017-10-23","Célia Pedro","Salários - 2017/010","JNL068617","","","010",""
"a3h24000000E4FwAAK","0.0","2425.77","a2l24000000U9xFAAS","2017-10-23T17:13:34.000Z","-(MI TS Taxa Soc. N)","2451","a3i24000000M8ZvAAK","2017-10-23","Célia Pedro","Salários - 2017/010","JNL068617","","","010",""
"a3h24000000E4FxAAK","0.0","1208.83","a2l24000000U9vtAAC","2017-10-23T17:13:34.000Z","-(MTB Transferência ao colaborador)","2312","a3i24000000M8ZvAAK","2017-10-23","Célia Pedro","Salários - 2017/010","JNL068617","","","010",""
"a3h24000000E4FyAAK","0.0","1208.83","a2l24000000U9vtAAC","2017-10-23T17:13:34.000Z","-(MTB Transferência ao colaborador)","2312","a3i24000000M8ZvAAK","2017-10-23","Célia Pedro","Salários - 2017/010","JNL068617","","","010",""
"a3h24000000E4FzAAK","0.0","1250.83","a2l24000000U9vtAAC","2017-10-23T17:13:34.000Z","-(MTB Transferência ao colaborador)","2312","a3i24000000M8ZvAAK","2017-10-23","Célia Pedro","Salários - 2017/010","JNL068617","","","010",""
"a3h24000000E4G0AAK","0.0","2140.65","a2l24000000U9vtAAC","2017-10-23T17:13:34.000Z","-(MTB Transferência ao colaborador)","2312","a3i24000000M8ZvAAK","2017-10-23","Célia Pedro","Salários - 2017/010","JNL068617","","","010",""
"a3h24000000E4G1AAK","0.0","1083.0","a2l24000000U9vtAAC","2017-10-23T17:13:34.000Z","-(MTB Transferência ao colaborador)","2312","a3i24000000M8ZvAAK","2017-10-23","Célia Pedro","Salários - 2017/010","JNL068617","","","010",""
"a3h24000000E4G2AAK","0.0","1436.83","a2l24000000U9vtAAC","2017-10-23T17:13:34.000Z","-(MTB Transferência ao colaborador)","2312","a3i24000000M8ZvAAK","2017-10-23","Célia Pedro","Salários - 2017/010","JNL068617","","","010",""
"a3h24000000E4G3AAK","0.0","1290.17","a2l24000000U9vtAAC","2017-10-23T17:13:34.000Z","-(MTB Transferência ao colaborador)","2312","a3i24000000M8ZvAAK","2017-10-23","Célia Pedro","Salários - 2017/010","JNL068617","","","010",""
"a3h24000000E4G4AAK","0.0","1016.58","a2l24000000U9vtAAC","2017-10-23T17:13:34.000Z","-(MTB Transferência ao colaborador)","2312","a3i24000000M8ZvAAK","2017-10-23","Célia Pedro","Salários - 2017/010","JNL068617","","","010",""
"a3h24000000E4G5AAK","0.0","1557.57","a2l24000000U9vtAAC","2017-10-23T17:13:34.000Z","-(MTB Transferência ao colaborador)","2312","a3i24000000M8ZvAAK","2017-10-23","Célia Pedro","Salários - 2017/010","JNL068617","","","010",""
"a3h24000000E4G6AAK","182.77","0.0","a2l24000000U9yjAAC","2017-10-23T17:13:34.000Z","MI TG F.C.T","415401","a3i24000000M8ZvAAK","2017-10-23","Célia Pedro","Salários - 2017/010","JNL068617","","","010",""
"a3h24000000E4G7AAK","14.81","0.0","a2l24000000UA1gAAG","2017-10-23T17:13:34.000Z","MI TG FGCT","63513","a3i24000000M8ZvAAK","2017-10-23","Célia Pedro","Salários - 2017/010","JNL068617","","","010",""
"a3h24000000E4G8AAK","0.0","197.58","a2l24000000U9xHAAS","2017-10-23T17:13:34.000Z","-(MI TG F.C.T + MI TG FGCT)","248","a3i24000000M8ZvAAK","2017-10-23","Célia Pedro","Salários - 2017/010","JNL068617","","","010",""
"a3h24000000E4G9AAK","195.87","0.0","a2l24000000U9xbAAC","2017-10-23T17:13:34.000Z","(2722203*0,2375)","2722204","a3i24000000M8ZvAAK","2017-10-23","Célia Pedro","Salários - 2017/010","JNL068617","","","010",""
"a3h24000000E4GAAA0","195.87","0.0","a2l24000000U9xZAAS","2017-10-23T17:13:34.000Z","(2722201*0,2375)","2722202","a3i24000000M8ZvAAK","2017-10-23","Célia Pedro","Salários - 2017/010","JNL068617","","","010",""
"a3h24000000E4GBAA0","4845.74","0.0","a2l24000000UA1fAAG","2017-10-23T17:13:34.000Z","(2722204+2722202+2451)*-1","63512","a3i24000000M8ZvAAK","2017-10-23","Célia Pedro","Salários - 2017/010","JNL068617","","","010",""
"a3h24000000E4GCAA0","0.0","5237.48","a2l24000000U9xFAAS","2017-10-23T17:13:34.000Z","-(MI TS Tx Soc E.)","2451","a3i24000000M8ZvAAK","2017-10-23","Célia Pedro","Salários - 2017/010","JNL068617","","","010",""
"a3h24000000E4GDAA0","0.0","1328.17","a2l24000000U9vtAAC","2017-10-23T17:13:34.000Z","-(MTB Transferência ao colaborador)","2312","a3i24000000M8ZvAAK","2017-10-23","Célia Pedro","Salários - 2017/010","JNL068617","","","010",""
"a3h24000000E4GEAA0","0.0","1281.35","a2l24000000U9vtAAC","2017-10-23T17:13:34.000Z","-(MTB Transferência ao colaborador)","2312","a3i24000000M8ZvAAK","2017-10-23","Célia Pedro","Salários - 2017/010","JNL068617","","","010",""
"a3h24000000E4GFAA0","0.0","1328.17","a2l24000000U9vtAAC","2017-10-23T17:13:34.000Z","-(MTB Transferência ao colaborador)","2312","a3i24000000M8ZvAAK","2017-10-23","Célia Pedro","Salários - 2017/010","JNL068617","","","010",""
